class,concept,weight
antelope,black,0
antelope,white,0
antelope,blue,0
antelope,brown,0
antelope,gray,0
antelope,orange,0
antelope,red,0
antelope,yellow,0
antelope,patches,0
antelope,spots,0
antelope,stripes,0
antelope,furry,1
antelope,hairless,0
antelope,toughskin,1
antelope,big,1
antelope,small,0
antelope,bulbous,0
antelope,lean,1
antelope,flippers,0
antelope,hands,0
antelope,hooves,1
antelope,pads,0
antelope,paws,0
antelope,longleg,1
antelope,longneck,0
antelope,tail,1
antelope,chewteeth,1
antelope,meatteeth,0
antelope,buckteeth,0
antelope,strainteeth,0
antelope,horns,1
antelope,claws,0
antelope,tusks,0
antelope,smelly,0
antelope,flys,0
antelope,hops,0
antelope,swims,0
antelope,tunnels,0
antelope,walks,1
antelope,fast,1
antelope,slow,0
antelope,strong,1
antelope,weak,0
antelope,muscle,1
antelope,bipedal,0
antelope,quadrapedal,1
antelope,active,1
antelope,inactive,0
antelope,nocturnal,0
antelope,hibernate,0
antelope,agility,1
antelope,fish,0
antelope,meat,0
antelope,plankton,0
antelope,vegetation,1
antelope,insects,0
antelope,forager,1
antelope,grazer,1
antelope,hunter,0
antelope,scavenger,0
antelope,skimmer,0
antelope,stalker,0
antelope,newworld,1
antelope,oldworld,1
antelope,arctic,0
antelope,coastal,0
antelope,desert,0
antelope,bush,0
antelope,plains,1
antelope,forest,0
antelope,fields,1
antelope,jungle,0
antelope,mountains,1
antelope,ocean,0
antelope,ground,1
antelope,water,0
antelope,tree,0
antelope,cave,0
antelope,fierce,0
antelope,timid,1
antelope,smart,0
antelope,group,1
antelope,solitary,0
antelope,nestspot,0
antelope,domestic,0
grizzly+bear,black,1
grizzly+bear,white,0
grizzly+bear,blue,0
grizzly+bear,brown,1
grizzly+bear,gray,0
grizzly+bear,orange,0
grizzly+bear,red,0
grizzly+bear,yellow,0
grizzly+bear,patches,0
grizzly+bear,spots,0
grizzly+bear,stripes,0
grizzly+bear,furry,1
grizzly+bear,hairless,0
grizzly+bear,toughskin,1
grizzly+bear,big,1
grizzly+bear,small,0
grizzly+bear,bulbous,1
grizzly+bear,lean,0
grizzly+bear,flippers,0
grizzly+bear,hands,0
grizzly+bear,hooves,0
grizzly+bear,pads,0
grizzly+bear,paws,1
grizzly+bear,longleg,0
grizzly+bear,longneck,0
grizzly+bear,tail,0
grizzly+bear,chewteeth,1
grizzly+bear,meatteeth,1
grizzly+bear,buckteeth,0
grizzly+bear,strainteeth,0
grizzly+bear,horns,0
grizzly+bear,claws,1
grizzly+bear,tusks,0
grizzly+bear,smelly,0
grizzly+bear,flys,0
grizzly+bear,hops,0
grizzly+bear,swims,0
grizzly+bear,tunnels,0
grizzly+bear,walks,1
grizzly+bear,fast,1
grizzly+bear,slow,1
grizzly+bear,strong,1
grizzly+bear,weak,0
grizzly+bear,muscle,1
grizzly+bear,bipedal,1
grizzly+bear,quadrapedal,1
grizzly+bear,active,1
grizzly+bear,inactive,1
grizzly+bear,nocturnal,1
grizzly+bear,hibernate,1
grizzly+bear,agility,0
grizzly+bear,fish,1
grizzly+bear,meat,1
grizzly+bear,plankton,0
grizzly+bear,vegetation,0
grizzly+bear,insects,0
grizzly+bear,forager,1
grizzly+bear,grazer,0
grizzly+bear,hunter,1
grizzly+bear,scavenger,0
grizzly+bear,skimmer,0
grizzly+bear,stalker,1
grizzly+bear,newworld,1
grizzly+bear,oldworld,0
grizzly+bear,arctic,0
grizzly+bear,coastal,0
grizzly+bear,desert,0
grizzly+bear,bush,0
grizzly+bear,plains,0
grizzly+bear,forest,1
grizzly+bear,fields,0
grizzly+bear,jungle,0
grizzly+bear,mountains,1
grizzly+bear,ocean,0
grizzly+bear,ground,1
grizzly+bear,water,0
grizzly+bear,tree,0
grizzly+bear,cave,1
grizzly+bear,fierce,1
grizzly+bear,timid,0
grizzly+bear,smart,1
grizzly+bear,group,0
grizzly+bear,solitary,1
grizzly+bear,nestspot,0
grizzly+bear,domestic,0
killer+whale,black,1
killer+whale,white,1
killer+whale,blue,0
killer+whale,brown,0
killer+whale,gray,0
killer+whale,orange,0
killer+whale,red,0
killer+whale,yellow,0
killer+whale,patches,1
killer+whale,spots,1
killer+whale,stripes,0
killer+whale,furry,0
killer+whale,hairless,1
killer+whale,toughskin,1
killer+whale,big,1
killer+whale,small,0
killer+whale,bulbous,1
killer+whale,lean,1
killer+whale,flippers,1
killer+whale,hands,0
killer+whale,hooves,0
killer+whale,pads,0
killer+whale,paws,0
killer+whale,longleg,0
killer+whale,longneck,0
killer+whale,tail,1
killer+whale,chewteeth,0
killer+whale,meatteeth,1
killer+whale,buckteeth,0
killer+whale,strainteeth,1
killer+whale,horns,0
killer+whale,claws,0
killer+whale,tusks,0
killer+whale,smelly,0
killer+whale,flys,0
killer+whale,hops,0
killer+whale,swims,1
killer+whale,tunnels,0
killer+whale,walks,0
killer+whale,fast,1
killer+whale,slow,0
killer+whale,strong,1
killer+whale,weak,0
killer+whale,muscle,0
killer+whale,bipedal,0
killer+whale,quadrapedal,0
killer+whale,active,1
killer+whale,inactive,0
killer+whale,nocturnal,0
killer+whale,hibernate,0
killer+whale,agility,1
killer+whale,fish,1
killer+whale,meat,1
killer+whale,plankton,1
killer+whale,vegetation,0
killer+whale,insects,0
killer+whale,forager,0
killer+whale,grazer,0
killer+whale,hunter,1
killer+whale,scavenger,0
killer+whale,skimmer,0
killer+whale,stalker,0
killer+whale,newworld,0
killer+whale,oldworld,0
killer+whale,arctic,1
killer+whale,coastal,1
killer+whale,desert,0
killer+whale,bush,0
killer+whale,plains,0
killer+whale,forest,0
killer+whale,fields,0
killer+whale,jungle,0
killer+whale,mountains,0
killer+whale,ocean,1
killer+whale,ground,0
killer+whale,water,1
killer+whale,tree,0
killer+whale,cave,0
killer+whale,fierce,1
killer+whale,timid,0
killer+whale,smart,1
killer+whale,group,1
killer+whale,solitary,0
killer+whale,nestspot,0
killer+whale,domestic,0
beaver,black,0
beaver,white,0
beaver,blue,0
beaver,brown,1
beaver,gray,0
beaver,orange,0
beaver,red,0
beaver,yellow,0
beaver,patches,0
beaver,spots,0
beaver,stripes,0
beaver,furry,1
beaver,hairless,0
beaver,toughskin,1
beaver,big,0
beaver,small,1
beaver,bulbous,1
beaver,lean,0
beaver,flippers,0
beaver,hands,0
beaver,hooves,0
beaver,pads,1
beaver,paws,1
beaver,longleg,0
beaver,longneck,0
beaver,tail,1
beaver,chewteeth,1
beaver,meatteeth,0
beaver,buckteeth,1
beaver,strainteeth,1
beaver,horns,0
beaver,claws,1
beaver,tusks,0
beaver,smelly,0
beaver,flys,0
beaver,hops,0
beaver,swims,1
beaver,tunnels,0
beaver,walks,0
beaver,fast,1
beaver,slow,0
beaver,strong,1
beaver,weak,0
beaver,muscle,1
beaver,bipedal,0
beaver,quadrapedal,1
beaver,active,1
beaver,inactive,0
beaver,nocturnal,1
beaver,hibernate,1
beaver,agility,1
beaver,fish,1
beaver,meat,0
beaver,plankton,0
beaver,vegetation,0
beaver,insects,0
beaver,forager,0
beaver,grazer,0
beaver,hunter,0
beaver,scavenger,0
beaver,skimmer,0
beaver,stalker,0
beaver,newworld,1
beaver,oldworld,0
beaver,arctic,0
beaver,coastal,1
beaver,desert,0
beaver,bush,0
beaver,plains,0
beaver,forest,0
beaver,fields,0
beaver,jungle,0
beaver,mountains,0
beaver,ocean,0
beaver,ground,1
beaver,water,1
beaver,tree,0
beaver,cave,0
beaver,fierce,0
beaver,timid,1
beaver,smart,1
beaver,group,1
beaver,solitary,1
beaver,nestspot,1
beaver,domestic,0
dalmatian,black,1
dalmatian,white,1
dalmatian,blue,0
dalmatian,brown,0
dalmatian,gray,0
dalmatian,orange,0
dalmatian,red,0
dalmatian,yellow,0
dalmatian,patches,1
dalmatian,spots,1
dalmatian,stripes,0
dalmatian,furry,1
dalmatian,hairless,1
dalmatian,toughskin,0
dalmatian,big,1
dalmatian,small,0
dalmatian,bulbous,0
dalmatian,lean,1
dalmatian,flippers,0
dalmatian,hands,0
dalmatian,hooves,0
dalmatian,pads,0
dalmatian,paws,1
dalmatian,longleg,1
dalmatian,longneck,0
dalmatian,tail,1
dalmatian,chewteeth,1
dalmatian,meatteeth,1
dalmatian,buckteeth,0
dalmatian,strainteeth,0
dalmatian,horns,0
dalmatian,claws,0
dalmatian,tusks,0
dalmatian,smelly,0
dalmatian,flys,0
dalmatian,hops,0
dalmatian,swims,0
dalmatian,tunnels,0
dalmatian,walks,1
dalmatian,fast,1
dalmatian,slow,0
dalmatian,strong,1
dalmatian,weak,0
dalmatian,muscle,1
dalmatian,bipedal,0
dalmatian,quadrapedal,1
dalmatian,active,1
dalmatian,inactive,0
dalmatian,nocturnal,0
dalmatian,hibernate,0
dalmatian,agility,1
dalmatian,fish,0
dalmatian,meat,1
dalmatian,plankton,0
dalmatian,vegetation,0
dalmatian,insects,0
dalmatian,forager,0
dalmatian,grazer,0
dalmatian,hunter,0
dalmatian,scavenger,0
dalmatian,skimmer,0
dalmatian,stalker,0
dalmatian,newworld,1
dalmatian,oldworld,1
dalmatian,arctic,0
dalmatian,coastal,0
dalmatian,desert,0
dalmatian,bush,0
dalmatian,plains,0
dalmatian,forest,0
dalmatian,fields,0
dalmatian,jungle,0
dalmatian,mountains,0
dalmatian,ocean,0
dalmatian,ground,1
dalmatian,water,0
dalmatian,tree,0
dalmatian,cave,0
dalmatian,fierce,0
dalmatian,timid,1
dalmatian,smart,1
dalmatian,group,1
dalmatian,solitary,1
dalmatian,nestspot,0
dalmatian,domestic,1
persian+cat,black,0
persian+cat,white,1
persian+cat,blue,1
persian+cat,brown,0
persian+cat,gray,1
persian+cat,orange,0
persian+cat,red,0
persian+cat,yellow,0
persian+cat,patches,0
persian+cat,spots,0
persian+cat,stripes,0
persian+cat,furry,1
persian+cat,hairless,0
persian+cat,toughskin,0
persian+cat,big,0
persian+cat,small,1
persian+cat,bulbous,1
persian+cat,lean,0
persian+cat,flippers,0
persian+cat,hands,0
persian+cat,hooves,0
persian+cat,pads,1
persian+cat,paws,1
persian+cat,longleg,0
persian+cat,longneck,0
persian+cat,tail,1
persian+cat,chewteeth,1
persian+cat,meatteeth,1
persian+cat,buckteeth,0
persian+cat,strainteeth,0
persian+cat,horns,0
persian+cat,claws,1
persian+cat,tusks,0
persian+cat,smelly,0
persian+cat,flys,0
persian+cat,hops,0
persian+cat,swims,0
persian+cat,tunnels,0
persian+cat,walks,1
persian+cat,fast,1
persian+cat,slow,1
persian+cat,strong,0
persian+cat,weak,1
persian+cat,muscle,0
persian+cat,bipedal,0
persian+cat,quadrapedal,1
persian+cat,active,0
persian+cat,inactive,1
persian+cat,nocturnal,0
persian+cat,hibernate,0
persian+cat,agility,1
persian+cat,fish,1
persian+cat,meat,1
persian+cat,plankton,0
persian+cat,vegetation,0
persian+cat,insects,0
persian+cat,forager,0
persian+cat,grazer,0
persian+cat,hunter,0
persian+cat,scavenger,0
persian+cat,skimmer,0
persian+cat,stalker,0
persian+cat,newworld,1
persian+cat,oldworld,1
persian+cat,arctic,0
persian+cat,coastal,0
persian+cat,desert,0
persian+cat,bush,0
persian+cat,plains,0
persian+cat,forest,0
persian+cat,fields,0
persian+cat,jungle,0
persian+cat,mountains,0
persian+cat,ocean,0
persian+cat,ground,1
persian+cat,water,0
persian+cat,tree,0
persian+cat,cave,0
persian+cat,fierce,0
persian+cat,timid,1
persian+cat,smart,1
persian+cat,group,0
persian+cat,solitary,1
persian+cat,nestspot,0
persian+cat,domestic,1
horse,black,1
horse,white,1
horse,blue,0
horse,brown,1
horse,gray,1
horse,orange,0
horse,red,0
horse,yellow,0
horse,patches,1
horse,spots,0
horse,stripes,0
horse,furry,1
horse,hairless,0
horse,toughskin,1
horse,big,1
horse,small,0
horse,bulbous,0
horse,lean,1
horse,flippers,0
horse,hands,0
horse,hooves,1
horse,pads,0
horse,paws,0
horse,longleg,1
horse,longneck,1
horse,tail,1
horse,chewteeth,1
horse,meatteeth,0
horse,buckteeth,1
horse,strainteeth,0
horse,horns,0
horse,claws,0
horse,tusks,0
horse,smelly,1
horse,flys,0
horse,hops,0
horse,swims,0
horse,tunnels,0
horse,walks,1
horse,fast,1
horse,slow,0
horse,strong,1
horse,weak,0
horse,muscle,1
horse,bipedal,0
horse,quadrapedal,1
horse,active,1
horse,inactive,0
horse,nocturnal,0
horse,hibernate,0
horse,agility,1
horse,fish,0
horse,meat,0
horse,plankton,0
horse,vegetation,1
horse,insects,0
horse,forager,0
horse,grazer,1
horse,hunter,0
horse,scavenger,0
horse,skimmer,0
horse,stalker,0
horse,newworld,1
horse,oldworld,1
horse,arctic,0
horse,coastal,0
horse,desert,0
horse,bush,0
horse,plains,1
horse,forest,0
horse,fields,1
horse,jungle,0
horse,mountains,0
horse,ocean,0
horse,ground,1
horse,water,0
horse,tree,0
horse,cave,0
horse,fierce,0
horse,timid,1
horse,smart,1
horse,group,1
horse,solitary,0
horse,nestspot,0
horse,domestic,1
german+shepherd,black,1
german+shepherd,white,0
german+shepherd,blue,0
german+shepherd,brown,1
german+shepherd,gray,1
german+shepherd,orange,0
german+shepherd,red,0
german+shepherd,yellow,0
german+shepherd,patches,1
german+shepherd,spots,0
german+shepherd,stripes,0
german+shepherd,furry,1
german+shepherd,hairless,0
german+shepherd,toughskin,0
german+shepherd,big,1
german+shepherd,small,0
german+shepherd,bulbous,0
german+shepherd,lean,1
german+shepherd,flippers,0
german+shepherd,hands,0
german+shepherd,hooves,0
german+shepherd,pads,1
german+shepherd,paws,1
german+shepherd,longleg,1
german+shepherd,longneck,0
german+shepherd,tail,1
german+shepherd,chewteeth,1
german+shepherd,meatteeth,1
german+shepherd,buckteeth,0
german+shepherd,strainteeth,0
german+shepherd,horns,0
german+shepherd,claws,1
german+shepherd,tusks,0
german+shepherd,smelly,1
german+shepherd,flys,0
german+shepherd,hops,0
german+shepherd,swims,0
german+shepherd,tunnels,0
german+shepherd,walks,1
german+shepherd,fast,1
german+shepherd,slow,0
german+shepherd,strong,1
german+shepherd,weak,0
german+shepherd,muscle,1
german+shepherd,bipedal,0
german+shepherd,quadrapedal,1
german+shepherd,active,1
german+shepherd,inactive,0
german+shepherd,nocturnal,0
german+shepherd,hibernate,0
german+shepherd,agility,1
german+shepherd,fish,0
german+shepherd,meat,1
german+shepherd,plankton,0
german+shepherd,vegetation,0
german+shepherd,insects,0
german+shepherd,forager,0
german+shepherd,grazer,0
german+shepherd,hunter,1
german+shepherd,scavenger,0
german+shepherd,skimmer,0
german+shepherd,stalker,1
german+shepherd,newworld,1
german+shepherd,oldworld,1
german+shepherd,arctic,0
german+shepherd,coastal,0
german+shepherd,desert,0
german+shepherd,bush,0
german+shepherd,plains,1
german+shepherd,forest,0
german+shepherd,fields,0
german+shepherd,jungle,0
german+shepherd,mountains,0
german+shepherd,ocean,0
german+shepherd,ground,1
german+shepherd,water,0
german+shepherd,tree,0
german+shepherd,cave,0
german+shepherd,fierce,1
german+shepherd,timid,0
german+shepherd,smart,1
german+shepherd,group,0
german+shepherd,solitary,1
german+shepherd,nestspot,0
german+shepherd,domestic,1
blue+whale,black,0
blue+whale,white,0
blue+whale,blue,1
blue+whale,brown,0
blue+whale,gray,1
blue+whale,orange,0
blue+whale,red,0
blue+whale,yellow,0
blue+whale,patches,0
blue+whale,spots,1
blue+whale,stripes,0
blue+whale,furry,0
blue+whale,hairless,1
blue+whale,toughskin,1
blue+whale,big,1
blue+whale,small,0
blue+whale,bulbous,1
blue+whale,lean,0
blue+whale,flippers,1
blue+whale,hands,0
blue+whale,hooves,0
blue+whale,pads,0
blue+whale,paws,0
blue+whale,longleg,0
blue+whale,longneck,0
blue+whale,tail,1
blue+whale,chewteeth,0
blue+whale,meatteeth,0
blue+whale,buckteeth,0
blue+whale,strainteeth,1
blue+whale,horns,0
blue+whale,claws,0
blue+whale,tusks,0
blue+whale,smelly,0
blue+whale,flys,0
blue+whale,hops,0
blue+whale,swims,1
blue+whale,tunnels,0
blue+whale,walks,0
blue+whale,fast,1
blue+whale,slow,1
blue+whale,strong,1
blue+whale,weak,0
blue+whale,muscle,1
blue+whale,bipedal,0
blue+whale,quadrapedal,0
blue+whale,active,0
blue+whale,inactive,1
blue+whale,nocturnal,0
blue+whale,hibernate,0
blue+whale,agility,0
blue+whale,fish,1
blue+whale,meat,0
blue+whale,plankton,1
blue+whale,vegetation,0
blue+whale,insects,0
blue+whale,forager,0
blue+whale,grazer,0
blue+whale,hunter,0
blue+whale,scavenger,0
blue+whale,skimmer,1
blue+whale,stalker,0
blue+whale,newworld,1
blue+whale,oldworld,1
blue+whale,arctic,1
blue+whale,coastal,0
blue+whale,desert,0
blue+whale,bush,0
blue+whale,plains,0
blue+whale,forest,0
blue+whale,fields,0
blue+whale,jungle,0
blue+whale,mountains,0
blue+whale,ocean,1
blue+whale,ground,0
blue+whale,water,1
blue+whale,tree,0
blue+whale,cave,0
blue+whale,fierce,0
blue+whale,timid,1
blue+whale,smart,1
blue+whale,group,1
blue+whale,solitary,1
blue+whale,nestspot,0
blue+whale,domestic,0
siamese+cat,black,1
siamese+cat,white,1
siamese+cat,blue,0
siamese+cat,brown,1
siamese+cat,gray,1
siamese+cat,orange,0
siamese+cat,red,0
siamese+cat,yellow,0
siamese+cat,patches,1
siamese+cat,spots,0
siamese+cat,stripes,0
siamese+cat,furry,1
siamese+cat,hairless,0
siamese+cat,toughskin,0
siamese+cat,big,0
siamese+cat,small,1
siamese+cat,bulbous,0
siamese+cat,lean,1
siamese+cat,flippers,0
siamese+cat,hands,0
siamese+cat,hooves,0
siamese+cat,pads,1
siamese+cat,paws,1
siamese+cat,longleg,1
siamese+cat,longneck,0
siamese+cat,tail,1
siamese+cat,chewteeth,1
siamese+cat,meatteeth,1
siamese+cat,buckteeth,0
siamese+cat,strainteeth,0
siamese+cat,horns,0
siamese+cat,claws,1
siamese+cat,tusks,0
siamese+cat,smelly,0
siamese+cat,flys,0
siamese+cat,hops,0
siamese+cat,swims,0
siamese+cat,tunnels,0
siamese+cat,walks,1
siamese+cat,fast,1
siamese+cat,slow,0
siamese+cat,strong,0
siamese+cat,weak,1
siamese+cat,muscle,1
siamese+cat,bipedal,0
siamese+cat,quadrapedal,1
siamese+cat,active,1
siamese+cat,inactive,1
siamese+cat,nocturnal,1
siamese+cat,hibernate,0
siamese+cat,agility,1
siamese+cat,fish,1
siamese+cat,meat,1
siamese+cat,plankton,0
siamese+cat,vegetation,0
siamese+cat,insects,0
siamese+cat,forager,0
siamese+cat,grazer,0
siamese+cat,hunter,1
siamese+cat,scavenger,0
siamese+cat,skimmer,0
siamese+cat,stalker,1
siamese+cat,newworld,1
siamese+cat,oldworld,1
siamese+cat,arctic,0
siamese+cat,coastal,0
siamese+cat,desert,0
siamese+cat,bush,0
siamese+cat,plains,0
siamese+cat,forest,0
siamese+cat,fields,0
siamese+cat,jungle,0
siamese+cat,mountains,0
siamese+cat,ocean,0
siamese+cat,ground,1
siamese+cat,water,0
siamese+cat,tree,0
siamese+cat,cave,0
siamese+cat,fierce,1
siamese+cat,timid,1
siamese+cat,smart,1
siamese+cat,group,0
siamese+cat,solitary,1
siamese+cat,nestspot,0
siamese+cat,domestic,1
skunk,black,1
skunk,white,1
skunk,blue,0
skunk,brown,0
skunk,gray,0
skunk,orange,0
skunk,red,0
skunk,yellow,0
skunk,patches,0
skunk,spots,0
skunk,stripes,1
skunk,furry,1
skunk,hairless,0
skunk,toughskin,0
skunk,big,0
skunk,small,1
skunk,bulbous,1
skunk,lean,0
skunk,flippers,0
skunk,hands,0
skunk,hooves,0
skunk,pads,1
skunk,paws,1
skunk,longleg,0
skunk,longneck,0
skunk,tail,1
skunk,chewteeth,0
skunk,meatteeth,0
skunk,buckteeth,0
skunk,strainteeth,0
skunk,horns,0
skunk,claws,0
skunk,tusks,0
skunk,smelly,1
skunk,flys,0
skunk,hops,0
skunk,swims,0
skunk,tunnels,0
skunk,walks,1
skunk,fast,1
skunk,slow,1
skunk,strong,0
skunk,weak,1
skunk,muscle,0
skunk,bipedal,0
skunk,quadrapedal,1
skunk,active,1
skunk,inactive,0
skunk,nocturnal,1
skunk,hibernate,1
skunk,agility,0
skunk,fish,0
skunk,meat,0
skunk,plankton,0
skunk,vegetation,1
skunk,insects,0
skunk,forager,1
skunk,grazer,0
skunk,hunter,0
skunk,scavenger,0
skunk,skimmer,0
skunk,stalker,0
skunk,newworld,1
skunk,oldworld,1
skunk,arctic,0
skunk,coastal,0
skunk,desert,0
skunk,bush,0
skunk,plains,0
skunk,forest,1
skunk,fields,1
skunk,jungle,0
skunk,mountains,0
skunk,ocean,0
skunk,ground,1
skunk,water,0
skunk,tree,0
skunk,cave,0
skunk,fierce,0
skunk,timid,1
skunk,smart,0
skunk,group,0
skunk,solitary,1
skunk,nestspot,0
skunk,domestic,0
mole,black,1
mole,white,0
mole,blue,0
mole,brown,1
mole,gray,1
mole,orange,0
mole,red,0
mole,yellow,0
mole,patches,0
mole,spots,0
mole,stripes,0
mole,furry,1
mole,hairless,0
mole,toughskin,0
mole,big,0
mole,small,1
mole,bulbous,1
mole,lean,1
mole,flippers,0
mole,hands,0
mole,hooves,0
mole,pads,0
mole,paws,1
mole,longleg,0
mole,longneck,0
mole,tail,0
mole,chewteeth,1
mole,meatteeth,0
mole,buckteeth,1
mole,strainteeth,0
mole,horns,0
mole,claws,1
mole,tusks,0
mole,smelly,0
mole,flys,0
mole,hops,0
mole,swims,0
mole,tunnels,1
mole,walks,1
mole,fast,1
mole,slow,1
mole,strong,0
mole,weak,1
mole,muscle,0
mole,bipedal,0
mole,quadrapedal,1
mole,active,1
mole,inactive,0
mole,nocturnal,1
mole,hibernate,1
mole,agility,1
mole,fish,0
mole,meat,0
mole,plankton,0
mole,vegetation,1
mole,insects,1
mole,forager,1
mole,grazer,0
mole,hunter,0
mole,scavenger,0
mole,skimmer,0
mole,stalker,0
mole,newworld,1
mole,oldworld,1
mole,arctic,0
mole,coastal,0
mole,desert,0
mole,bush,0
mole,plains,1
mole,forest,1
mole,fields,1
mole,jungle,0
mole,mountains,0
mole,ocean,0
mole,ground,1
mole,water,0
mole,tree,0
mole,cave,0
mole,fierce,0
mole,timid,1
mole,smart,0
mole,group,0
mole,solitary,1
mole,nestspot,1
mole,domestic,0
tiger,black,1
tiger,white,1
tiger,blue,0
tiger,brown,0
tiger,gray,0
tiger,orange,1
tiger,red,0
tiger,yellow,0
tiger,patches,0
tiger,spots,0
tiger,stripes,1
tiger,furry,1
tiger,hairless,0
tiger,toughskin,0
tiger,big,1
tiger,small,0
tiger,bulbous,0
tiger,lean,1
tiger,flippers,0
tiger,hands,0
tiger,hooves,0
tiger,pads,1
tiger,paws,1
tiger,longleg,0
tiger,longneck,0
tiger,tail,1
tiger,chewteeth,1
tiger,meatteeth,1
tiger,buckteeth,1
tiger,strainteeth,0
tiger,horns,0
tiger,claws,1
tiger,tusks,0
tiger,smelly,1
tiger,flys,0
tiger,hops,0
tiger,swims,0
tiger,tunnels,0
tiger,walks,1
tiger,fast,1
tiger,slow,0
tiger,strong,1
tiger,weak,0
tiger,muscle,1
tiger,bipedal,0
tiger,quadrapedal,1
tiger,active,1
tiger,inactive,0
tiger,nocturnal,1
tiger,hibernate,0
tiger,agility,1
tiger,fish,0
tiger,meat,1
tiger,plankton,0
tiger,vegetation,0
tiger,insects,0
tiger,forager,0
tiger,grazer,0
tiger,hunter,1
tiger,scavenger,0
tiger,skimmer,0
tiger,stalker,1
tiger,newworld,0
tiger,oldworld,1
tiger,arctic,0
tiger,coastal,0
tiger,desert,0
tiger,bush,1
tiger,plains,1
tiger,forest,1
tiger,fields,0
tiger,jungle,1
tiger,mountains,0
tiger,ocean,0
tiger,ground,1
tiger,water,0
tiger,tree,0
tiger,cave,0
tiger,fierce,1
tiger,timid,0
tiger,smart,1
tiger,group,1
tiger,solitary,1
tiger,nestspot,1
tiger,domestic,0
hippopotamus,black,0
hippopotamus,white,0
hippopotamus,blue,0
hippopotamus,brown,0
hippopotamus,gray,1
hippopotamus,orange,0
hippopotamus,red,0
hippopotamus,yellow,0
hippopotamus,patches,0
hippopotamus,spots,0
hippopotamus,stripes,0
hippopotamus,furry,0
hippopotamus,hairless,1
hippopotamus,toughskin,1
hippopotamus,big,1
hippopotamus,small,0
hippopotamus,bulbous,1
hippopotamus,lean,0
hippopotamus,flippers,0
hippopotamus,hands,0
hippopotamus,hooves,0
hippopotamus,pads,0
hippopotamus,paws,0
hippopotamus,longleg,0
hippopotamus,longneck,0
hippopotamus,tail,0
hippopotamus,chewteeth,1
hippopotamus,meatteeth,0
hippopotamus,buckteeth,0
hippopotamus,strainteeth,1
hippopotamus,horns,0
hippopotamus,claws,0
hippopotamus,tusks,0
hippopotamus,smelly,0
hippopotamus,flys,0
hippopotamus,hops,0
hippopotamus,swims,1
hippopotamus,tunnels,0
hippopotamus,walks,1
hippopotamus,fast,0
hippopotamus,slow,1
hippopotamus,strong,1
hippopotamus,weak,0
hippopotamus,muscle,1
hippopotamus,bipedal,0
hippopotamus,quadrapedal,1
hippopotamus,active,0
hippopotamus,inactive,1
hippopotamus,nocturnal,0
hippopotamus,hibernate,0
hippopotamus,agility,0
hippopotamus,fish,1
hippopotamus,meat,0
hippopotamus,plankton,0
hippopotamus,vegetation,1
hippopotamus,insects,0
hippopotamus,forager,0
hippopotamus,grazer,0
hippopotamus,hunter,0
hippopotamus,scavenger,0
hippopotamus,skimmer,0
hippopotamus,stalker,0
hippopotamus,newworld,0
hippopotamus,oldworld,1
hippopotamus,arctic,0
hippopotamus,coastal,0
hippopotamus,desert,0
hippopotamus,bush,0
hippopotamus,plains,0
hippopotamus,forest,0
hippopotamus,fields,0
hippopotamus,jungle,1
hippopotamus,mountains,0
hippopotamus,ocean,0
hippopotamus,ground,1
hippopotamus,water,1
hippopotamus,tree,0
hippopotamus,cave,0
hippopotamus,fierce,0
hippopotamus,timid,1
hippopotamus,smart,0
hippopotamus,group,0
hippopotamus,solitary,1
hippopotamus,nestspot,0
hippopotamus,domestic,0
leopard,black,1
leopard,white,0
leopard,blue,0
leopard,brown,1
leopard,gray,0
leopard,orange,0
leopard,red,0
leopard,yellow,1
leopard,patches,1
leopard,spots,1
leopard,stripes,0
leopard,furry,1
leopard,hairless,0
leopard,toughskin,0
leopard,big,1
leopard,small,0
leopard,bulbous,0
leopard,lean,1
leopard,flippers,0
leopard,hands,0
leopard,hooves,0
leopard,pads,0
leopard,paws,1
leopard,longleg,1
leopard,longneck,0
leopard,tail,1
leopard,chewteeth,0
leopard,meatteeth,1
leopard,buckteeth,0
leopard,strainteeth,0
leopard,horns,0
leopard,claws,1
leopard,tusks,0
leopard,smelly,0
leopard,flys,0
leopard,hops,0
leopard,swims,0
leopard,tunnels,0
leopard,walks,1
leopard,fast,1
leopard,slow,0
leopard,strong,1
leopard,weak,0
leopard,muscle,1
leopard,bipedal,0
leopard,quadrapedal,1
leopard,active,1
leopard,inactive,0
leopard,nocturnal,1
leopard,hibernate,0
leopard,agility,1
leopard,fish,1
leopard,meat,1
leopard,plankton,0
leopard,vegetation,0
leopard,insects,0
leopard,forager,1
leopard,grazer,0
leopard,hunter,1
leopard,scavenger,0
leopard,skimmer,0
leopard,stalker,1
leopard,newworld,1
leopard,oldworld,1
leopard,arctic,0
leopard,coastal,0
leopard,desert,0
leopard,bush,1
leopard,plains,1
leopard,forest,0
leopard,fields,0
leopard,jungle,1
leopard,mountains,1
leopard,ocean,0
leopard,ground,1
leopard,water,0
leopard,tree,1
leopard,cave,0
leopard,fierce,1
leopard,timid,0
leopard,smart,1
leopard,group,0
leopard,solitary,1
leopard,nestspot,1
leopard,domestic,0
moose,black,0
moose,white,0
moose,blue,0
moose,brown,1
moose,gray,0
moose,orange,0
moose,red,0
moose,yellow,0
moose,patches,0
moose,spots,0
moose,stripes,0
moose,furry,1
moose,hairless,0
moose,toughskin,1
moose,big,1
moose,small,0
moose,bulbous,1
moose,lean,0
moose,flippers,0
moose,hands,0
moose,hooves,1
moose,pads,0
moose,paws,0
moose,longleg,1
moose,longneck,1
moose,tail,1
moose,chewteeth,1
moose,meatteeth,0
moose,buckteeth,0
moose,strainteeth,0
moose,horns,1
moose,claws,0
moose,tusks,0
moose,smelly,1
moose,flys,0
moose,hops,0
moose,swims,0
moose,tunnels,0
moose,walks,1
moose,fast,1
moose,slow,1
moose,strong,1
moose,weak,0
moose,muscle,1
moose,bipedal,0
moose,quadrapedal,1
moose,active,0
moose,inactive,1
moose,nocturnal,0
moose,hibernate,0
moose,agility,0
moose,fish,0
moose,meat,0
moose,plankton,0
moose,vegetation,1
moose,insects,0
moose,forager,1
moose,grazer,1
moose,hunter,0
moose,scavenger,0
moose,skimmer,0
moose,stalker,0
moose,newworld,1
moose,oldworld,1
moose,arctic,1
moose,coastal,0
moose,desert,0
moose,bush,0
moose,plains,1
moose,forest,1
moose,fields,1
moose,jungle,0
moose,mountains,1
moose,ocean,0
moose,ground,1
moose,water,0
moose,tree,0
moose,cave,0
moose,fierce,0
moose,timid,1
moose,smart,0
moose,group,1
moose,solitary,1
moose,nestspot,0
moose,domestic,0
spider+monkey,black,1
spider+monkey,white,0
spider+monkey,blue,0
spider+monkey,brown,1
spider+monkey,gray,1
spider+monkey,orange,0
spider+monkey,red,0
spider+monkey,yellow,0
spider+monkey,patches,0
spider+monkey,spots,0
spider+monkey,stripes,0
spider+monkey,furry,1
spider+monkey,hairless,0
spider+monkey,toughskin,0
spider+monkey,big,0
spider+monkey,small,1
spider+monkey,bulbous,0
spider+monkey,lean,1
spider+monkey,flippers,0
spider+monkey,hands,1
spider+monkey,hooves,0
spider+monkey,pads,0
spider+monkey,paws,1
spider+monkey,longleg,1
spider+monkey,longneck,0
spider+monkey,tail,1
spider+monkey,chewteeth,1
spider+monkey,meatteeth,0
spider+monkey,buckteeth,0
spider+monkey,strainteeth,0
spider+monkey,horns,0
spider+monkey,claws,0
spider+monkey,tusks,0
spider+monkey,smelly,0
spider+monkey,flys,0
spider+monkey,hops,0
spider+monkey,swims,0
spider+monkey,tunnels,0
spider+monkey,walks,1
spider+monkey,fast,1
spider+monkey,slow,0
spider+monkey,strong,1
spider+monkey,weak,0
spider+monkey,muscle,1
spider+monkey,bipedal,1
spider+monkey,quadrapedal,1
spider+monkey,active,1
spider+monkey,inactive,0
spider+monkey,nocturnal,0
spider+monkey,hibernate,0
spider+monkey,agility,1
spider+monkey,fish,0
spider+monkey,meat,0
spider+monkey,plankton,0
spider+monkey,vegetation,1
spider+monkey,insects,0
spider+monkey,forager,1
spider+monkey,grazer,1
spider+monkey,hunter,0
spider+monkey,scavenger,0
spider+monkey,skimmer,0
spider+monkey,stalker,0
spider+monkey,newworld,1
spider+monkey,oldworld,1
spider+monkey,arctic,0
spider+monkey,coastal,0
spider+monkey,desert,0
spider+monkey,bush,0
spider+monkey,plains,0
spider+monkey,forest,1
spider+monkey,fields,0
spider+monkey,jungle,1
spider+monkey,mountains,0
spider+monkey,ocean,0
spider+monkey,ground,0
spider+monkey,water,0
spider+monkey,tree,1
spider+monkey,cave,0
spider+monkey,fierce,0
spider+monkey,timid,1
spider+monkey,smart,1
spider+monkey,group,1
spider+monkey,solitary,0
spider+monkey,nestspot,1
spider+monkey,domestic,0
humpback+whale,black,1
humpback+whale,white,0
humpback+whale,blue,1
humpback+whale,brown,0
humpback+whale,gray,1
humpback+whale,orange,0
humpback+whale,red,0
humpback+whale,yellow,0
humpback+whale,patches,0
humpback+whale,spots,0
humpback+whale,stripes,0
humpback+whale,furry,0
humpback+whale,hairless,1
humpback+whale,toughskin,1
humpback+whale,big,1
humpback+whale,small,0
humpback+whale,bulbous,1
humpback+whale,lean,0
humpback+whale,flippers,1
humpback+whale,hands,0
humpback+whale,hooves,0
humpback+whale,pads,0
humpback+whale,paws,0
humpback+whale,longleg,0
humpback+whale,longneck,0
humpback+whale,tail,1
humpback+whale,chewteeth,0
humpback+whale,meatteeth,0
humpback+whale,buckteeth,0
humpback+whale,strainteeth,1
humpback+whale,horns,0
humpback+whale,claws,0
humpback+whale,tusks,0
humpback+whale,smelly,0
humpback+whale,flys,0
humpback+whale,hops,0
humpback+whale,swims,1
humpback+whale,tunnels,0
humpback+whale,walks,0
humpback+whale,fast,1
humpback+whale,slow,1
humpback+whale,strong,1
humpback+whale,weak,0
humpback+whale,muscle,1
humpback+whale,bipedal,0
humpback+whale,quadrapedal,0
humpback+whale,active,0
humpback+whale,inactive,1
humpback+whale,nocturnal,0
humpback+whale,hibernate,0
humpback+whale,agility,0
humpback+whale,fish,1
humpback+whale,meat,0
humpback+whale,plankton,1
humpback+whale,vegetation,0
humpback+whale,insects,0
humpback+whale,forager,0
humpback+whale,grazer,0
humpback+whale,hunter,0
humpback+whale,scavenger,0
humpback+whale,skimmer,1
humpback+whale,stalker,0
humpback+whale,newworld,1
humpback+whale,oldworld,1
humpback+whale,arctic,1
humpback+whale,coastal,1
humpback+whale,desert,0
humpback+whale,bush,0
humpback+whale,plains,0
humpback+whale,forest,0
humpback+whale,fields,0
humpback+whale,jungle,0
humpback+whale,mountains,0
humpback+whale,ocean,1
humpback+whale,ground,0
humpback+whale,water,1
humpback+whale,tree,0
humpback+whale,cave,0
humpback+whale,fierce,0
humpback+whale,timid,1
humpback+whale,smart,1
humpback+whale,group,1
humpback+whale,solitary,0
humpback+whale,nestspot,0
humpback+whale,domestic,0
elephant,black,0
elephant,white,0
elephant,blue,0
elephant,brown,0
elephant,gray,1
elephant,orange,0
elephant,red,0
elephant,yellow,0
elephant,patches,0
elephant,spots,0
elephant,stripes,0
elephant,furry,0
elephant,hairless,1
elephant,toughskin,1
elephant,big,1
elephant,small,0
elephant,bulbous,1
elephant,lean,0
elephant,flippers,0
elephant,hands,0
elephant,hooves,0
elephant,pads,0
elephant,paws,0
elephant,longleg,1
elephant,longneck,0
elephant,tail,1
elephant,chewteeth,1
elephant,meatteeth,0
elephant,buckteeth,0
elephant,strainteeth,0
elephant,horns,0
elephant,claws,0
elephant,tusks,1
elephant,smelly,1
elephant,flys,0
elephant,hops,0
elephant,swims,0
elephant,tunnels,0
elephant,walks,1
elephant,fast,0
elephant,slow,1
elephant,strong,1
elephant,weak,0
elephant,muscle,1
elephant,bipedal,0
elephant,quadrapedal,1
elephant,active,0
elephant,inactive,1
elephant,nocturnal,0
elephant,hibernate,0
elephant,agility,0
elephant,fish,0
elephant,meat,0
elephant,plankton,0
elephant,vegetation,1
elephant,insects,0
elephant,forager,0
elephant,grazer,1
elephant,hunter,0
elephant,scavenger,0
elephant,skimmer,0
elephant,stalker,0
elephant,newworld,0
elephant,oldworld,1
elephant,arctic,0
elephant,coastal,0
elephant,desert,0
elephant,bush,1
elephant,plains,0
elephant,forest,0
elephant,fields,0
elephant,jungle,1
elephant,mountains,0
elephant,ocean,0
elephant,ground,1
elephant,water,0
elephant,tree,0
elephant,cave,0
elephant,fierce,0
elephant,timid,1
elephant,smart,1
elephant,group,1
elephant,solitary,0
elephant,nestspot,0
elephant,domestic,0
gorilla,black,1
gorilla,white,0
gorilla,blue,0
gorilla,brown,1
gorilla,gray,0
gorilla,orange,0
gorilla,red,0
gorilla,yellow,0
gorilla,patches,0
gorilla,spots,0
gorilla,stripes,0
gorilla,furry,1
gorilla,hairless,0
gorilla,toughskin,1
gorilla,big,1
gorilla,small,0
gorilla,bulbous,1
gorilla,lean,0
gorilla,flippers,0
gorilla,hands,1
gorilla,hooves,0
gorilla,pads,0
gorilla,paws,0
gorilla,longleg,1
gorilla,longneck,0
gorilla,tail,0
gorilla,chewteeth,1
gorilla,meatteeth,1
gorilla,buckteeth,0
gorilla,strainteeth,0
gorilla,horns,0
gorilla,claws,0
gorilla,tusks,0
gorilla,smelly,1
gorilla,flys,0
gorilla,hops,0
gorilla,swims,0
gorilla,tunnels,0
gorilla,walks,1
gorilla,fast,1
gorilla,slow,0
gorilla,strong,1
gorilla,weak,0
gorilla,muscle,1
gorilla,bipedal,1
gorilla,quadrapedal,1
gorilla,active,1
gorilla,inactive,0
gorilla,nocturnal,0
gorilla,hibernate,0
gorilla,agility,1
gorilla,fish,0
gorilla,meat,1
gorilla,plankton,0
gorilla,vegetation,1
gorilla,insects,0
gorilla,forager,1
gorilla,grazer,0
gorilla,hunter,0
gorilla,scavenger,0
gorilla,skimmer,0
gorilla,stalker,0
gorilla,newworld,0
gorilla,oldworld,1
gorilla,arctic,0
gorilla,coastal,0
gorilla,desert,0
gorilla,bush,0
gorilla,plains,0
gorilla,forest,1
gorilla,fields,0
gorilla,jungle,1
gorilla,mountains,0
gorilla,ocean,0
gorilla,ground,1
gorilla,water,0
gorilla,tree,1
gorilla,cave,0
gorilla,fierce,1
gorilla,timid,0
gorilla,smart,1
gorilla,group,1
gorilla,solitary,0
gorilla,nestspot,1
gorilla,domestic,0
ox,black,1
ox,white,1
ox,blue,0
ox,brown,1
ox,gray,1
ox,orange,0
ox,red,0
ox,yellow,0
ox,patches,0
ox,spots,0
ox,stripes,0
ox,furry,1
ox,hairless,1
ox,toughskin,1
ox,big,1
ox,small,0
ox,bulbous,1
ox,lean,0
ox,flippers,0
ox,hands,0
ox,hooves,1
ox,pads,0
ox,paws,0
ox,longleg,0
ox,longneck,0
ox,tail,1
ox,chewteeth,1
ox,meatteeth,0
ox,buckteeth,0
ox,strainteeth,0
ox,horns,1
ox,claws,0
ox,tusks,0
ox,smelly,1
ox,flys,0
ox,hops,0
ox,swims,0
ox,tunnels,0
ox,walks,1
ox,fast,0
ox,slow,1
ox,strong,1
ox,weak,0
ox,muscle,1
ox,bipedal,0
ox,quadrapedal,1
ox,active,0
ox,inactive,1
ox,nocturnal,0
ox,hibernate,0
ox,agility,0
ox,fish,0
ox,meat,0
ox,plankton,0
ox,vegetation,1
ox,insects,0
ox,forager,0
ox,grazer,1
ox,hunter,0
ox,scavenger,0
ox,skimmer,0
ox,stalker,0
ox,newworld,1
ox,oldworld,1
ox,arctic,0
ox,coastal,0
ox,desert,0
ox,bush,1
ox,plains,1
ox,forest,0
ox,fields,1
ox,jungle,0
ox,mountains,0
ox,ocean,0
ox,ground,1
ox,water,0
ox,tree,0
ox,cave,0
ox,fierce,0
ox,timid,1
ox,smart,0
ox,group,0
ox,solitary,1
ox,nestspot,0
ox,domestic,1
fox,black,0
fox,white,0
fox,blue,0
fox,brown,1
fox,gray,0
fox,orange,1
fox,red,1
fox,yellow,0
fox,patches,0
fox,spots,0
fox,stripes,0
fox,furry,1
fox,hairless,0
fox,toughskin,0
fox,big,0
fox,small,1
fox,bulbous,0
fox,lean,1
fox,flippers,0
fox,hands,0
fox,hooves,0
fox,pads,1
fox,paws,1
fox,longleg,0
fox,longneck,0
fox,tail,1
fox,chewteeth,1
fox,meatteeth,1
fox,buckteeth,0
fox,strainteeth,0
fox,horns,0
fox,claws,1
fox,tusks,0
fox,smelly,0
fox,flys,0
fox,hops,0
fox,swims,0
fox,tunnels,0
fox,walks,1
fox,fast,1
fox,slow,0
fox,strong,1
fox,weak,0
fox,muscle,1
fox,bipedal,0
fox,quadrapedal,1
fox,active,1
fox,inactive,0
fox,nocturnal,1
fox,hibernate,1
fox,agility,1
fox,fish,1
fox,meat,1
fox,plankton,0
fox,vegetation,0
fox,insects,0
fox,forager,1
fox,grazer,0
fox,hunter,1
fox,scavenger,0
fox,skimmer,0
fox,stalker,1
fox,newworld,1
fox,oldworld,1
fox,arctic,0
fox,coastal,0
fox,desert,0
fox,bush,0
fox,plains,1
fox,forest,1
fox,fields,1
fox,jungle,0
fox,mountains,0
fox,ocean,0
fox,ground,1
fox,water,0
fox,tree,0
fox,cave,0
fox,fierce,1
fox,timid,0
fox,smart,1
fox,group,0
fox,solitary,1
fox,nestspot,1
fox,domestic,0
sheep,black,1
sheep,white,1
sheep,blue,0
sheep,brown,0
sheep,gray,0
sheep,orange,0
sheep,red,0
sheep,yellow,0
sheep,patches,0
sheep,spots,0
sheep,stripes,0
sheep,furry,1
sheep,hairless,0
sheep,toughskin,0
sheep,big,0
sheep,small,0
sheep,bulbous,1
sheep,lean,0
sheep,flippers,0
sheep,hands,0
sheep,hooves,1
sheep,pads,0
sheep,paws,0
sheep,longleg,0
sheep,longneck,0
sheep,tail,0
sheep,chewteeth,1
sheep,meatteeth,0
sheep,buckteeth,0
sheep,strainteeth,0
sheep,horns,0
sheep,claws,0
sheep,tusks,0
sheep,smelly,1
sheep,flys,0
sheep,hops,0
sheep,swims,0
sheep,tunnels,0
sheep,walks,1
sheep,fast,0
sheep,slow,1
sheep,strong,0
sheep,weak,1
sheep,muscle,0
sheep,bipedal,0
sheep,quadrapedal,1
sheep,active,0
sheep,inactive,1
sheep,nocturnal,0
sheep,hibernate,0
sheep,agility,0
sheep,fish,0
sheep,meat,0
sheep,plankton,0
sheep,vegetation,1
sheep,insects,0
sheep,forager,0
sheep,grazer,1
sheep,hunter,0
sheep,scavenger,0
sheep,skimmer,0
sheep,stalker,0
sheep,newworld,1
sheep,oldworld,1
sheep,arctic,0
sheep,coastal,0
sheep,desert,0
sheep,bush,0
sheep,plains,1
sheep,forest,0
sheep,fields,1
sheep,jungle,0
sheep,mountains,1
sheep,ocean,0
sheep,ground,1
sheep,water,0
sheep,tree,0
sheep,cave,0
sheep,fierce,0
sheep,timid,1
sheep,smart,0
sheep,group,1
sheep,solitary,0
sheep,nestspot,0
sheep,domestic,1
seal,black,1
seal,white,1
seal,blue,0
seal,brown,1
seal,gray,1
seal,orange,0
seal,red,0
seal,yellow,0
seal,patches,0
seal,spots,1
seal,stripes,0
seal,furry,0
seal,hairless,1
seal,toughskin,1
seal,big,1
seal,small,1
seal,bulbous,0
seal,lean,0
seal,flippers,1
seal,hands,0
seal,hooves,0
seal,pads,0
seal,paws,0
seal,longleg,0
seal,longneck,0
seal,tail,1
seal,chewteeth,0
seal,meatteeth,0
seal,buckteeth,0
seal,strainteeth,0
seal,horns,0
seal,claws,0
seal,tusks,0
seal,smelly,0
seal,flys,0
seal,hops,0
seal,swims,1
seal,tunnels,0
seal,walks,0
seal,fast,1
seal,slow,1
seal,strong,1
seal,weak,0
seal,muscle,0
seal,bipedal,0
seal,quadrapedal,0
seal,active,1
seal,inactive,1
seal,nocturnal,0
seal,hibernate,0
seal,agility,1
seal,fish,1
seal,meat,0
seal,plankton,0
seal,vegetation,0
seal,insects,0
seal,forager,0
seal,grazer,0
seal,hunter,1
seal,scavenger,0
seal,skimmer,0
seal,stalker,0
seal,newworld,1
seal,oldworld,1
seal,arctic,1
seal,coastal,1
seal,desert,0
seal,bush,0
seal,plains,0
seal,forest,0
seal,fields,0
seal,jungle,0
seal,mountains,0
seal,ocean,1
seal,ground,0
seal,water,1
seal,tree,0
seal,cave,0
seal,fierce,0
seal,timid,1
seal,smart,1
seal,group,1
seal,solitary,0
seal,nestspot,0
seal,domestic,1
chimpanzee,black,1
chimpanzee,white,0
chimpanzee,blue,0
chimpanzee,brown,1
chimpanzee,gray,0
chimpanzee,orange,0
chimpanzee,red,0
chimpanzee,yellow,0
chimpanzee,patches,0
chimpanzee,spots,0
chimpanzee,stripes,0
chimpanzee,furry,1
chimpanzee,hairless,0
chimpanzee,toughskin,1
chimpanzee,big,1
chimpanzee,small,1
chimpanzee,bulbous,0
chimpanzee,lean,1
chimpanzee,flippers,0
chimpanzee,hands,1
chimpanzee,hooves,0
chimpanzee,pads,0
chimpanzee,paws,0
chimpanzee,longleg,1
chimpanzee,longneck,0
chimpanzee,tail,1
chimpanzee,chewteeth,1
chimpanzee,meatteeth,1
chimpanzee,buckteeth,0
chimpanzee,strainteeth,0
chimpanzee,horns,0
chimpanzee,claws,0
chimpanzee,tusks,0
chimpanzee,smelly,1
chimpanzee,flys,0
chimpanzee,hops,0
chimpanzee,swims,0
chimpanzee,tunnels,0
chimpanzee,walks,1
chimpanzee,fast,1
chimpanzee,slow,0
chimpanzee,strong,1
chimpanzee,weak,0
chimpanzee,muscle,1
chimpanzee,bipedal,1
chimpanzee,quadrapedal,1
chimpanzee,active,1
chimpanzee,inactive,0
chimpanzee,nocturnal,0
chimpanzee,hibernate,0
chimpanzee,agility,1
chimpanzee,fish,0
chimpanzee,meat,0
chimpanzee,plankton,0
chimpanzee,vegetation,1
chimpanzee,insects,1
chimpanzee,forager,1
chimpanzee,grazer,0
chimpanzee,hunter,0
chimpanzee,scavenger,0
chimpanzee,skimmer,0
chimpanzee,stalker,0
chimpanzee,newworld,1
chimpanzee,oldworld,1
chimpanzee,arctic,0
chimpanzee,coastal,0
chimpanzee,desert,0
chimpanzee,bush,1
chimpanzee,plains,0
chimpanzee,forest,1
chimpanzee,fields,0
chimpanzee,jungle,1
chimpanzee,mountains,1
chimpanzee,ocean,0
chimpanzee,ground,1
chimpanzee,water,0
chimpanzee,tree,1
chimpanzee,cave,0
chimpanzee,fierce,1
chimpanzee,timid,1
chimpanzee,smart,1
chimpanzee,group,1
chimpanzee,solitary,0
chimpanzee,nestspot,1
chimpanzee,domestic,1
hamster,black,1
hamster,white,1
hamster,blue,0
hamster,brown,1
hamster,gray,1
hamster,orange,0
hamster,red,0
hamster,yellow,0
hamster,patches,1
hamster,spots,0
hamster,stripes,0
hamster,furry,1
hamster,hairless,0
hamster,toughskin,0
hamster,big,0
hamster,small,1
hamster,bulbous,1
hamster,lean,0
hamster,flippers,0
hamster,hands,0
hamster,hooves,0
hamster,pads,0
hamster,paws,1
hamster,longleg,0
hamster,longneck,0
hamster,tail,1
hamster,chewteeth,1
hamster,meatteeth,0
hamster,buckteeth,1
hamster,strainteeth,0
hamster,horns,0
hamster,claws,1
hamster,tusks,0
hamster,smelly,1
hamster,flys,0
hamster,hops,1
hamster,swims,0
hamster,tunnels,1
hamster,walks,1
hamster,fast,1
hamster,slow,0
hamster,strong,0
hamster,weak,1
hamster,muscle,0
hamster,bipedal,0
hamster,quadrapedal,1
hamster,active,1
hamster,inactive,1
hamster,nocturnal,1
hamster,hibernate,1
hamster,agility,1
hamster,fish,0
hamster,meat,0
hamster,plankton,0
hamster,vegetation,1
hamster,insects,0
hamster,forager,1
hamster,grazer,1
hamster,hunter,0
hamster,scavenger,0
hamster,skimmer,0
hamster,stalker,0
hamster,newworld,1
hamster,oldworld,0
hamster,arctic,0
hamster,coastal,0
hamster,desert,0
hamster,bush,0
hamster,plains,0
hamster,forest,0
hamster,fields,1
hamster,jungle,0
hamster,mountains,0
hamster,ocean,0
hamster,ground,1
hamster,water,0
hamster,tree,0
hamster,cave,0
hamster,fierce,0
hamster,timid,1
hamster,smart,0
hamster,group,0
hamster,solitary,1
hamster,nestspot,1
hamster,domestic,1
squirrel,black,0
squirrel,white,0
squirrel,blue,0
squirrel,brown,1
squirrel,gray,1
squirrel,orange,0
squirrel,red,0
squirrel,yellow,0
squirrel,patches,0
squirrel,spots,0
squirrel,stripes,0
squirrel,furry,1
squirrel,hairless,0
squirrel,toughskin,0
squirrel,big,0
squirrel,small,1
squirrel,bulbous,0
squirrel,lean,0
squirrel,flippers,0
squirrel,hands,0
squirrel,hooves,0
squirrel,pads,1
squirrel,paws,1
squirrel,longleg,0
squirrel,longneck,0
squirrel,tail,1
squirrel,chewteeth,1
squirrel,meatteeth,0
squirrel,buckteeth,1
squirrel,strainteeth,0
squirrel,horns,0
squirrel,claws,1
squirrel,tusks,0
squirrel,smelly,0
squirrel,flys,0
squirrel,hops,1
squirrel,swims,0
squirrel,tunnels,0
squirrel,walks,1
squirrel,fast,1
squirrel,slow,0
squirrel,strong,0
squirrel,weak,0
squirrel,muscle,0
squirrel,bipedal,1
squirrel,quadrapedal,1
squirrel,active,1
squirrel,inactive,0
squirrel,nocturnal,0
squirrel,hibernate,1
squirrel,agility,1
squirrel,fish,0
squirrel,meat,0
squirrel,plankton,0
squirrel,vegetation,1
squirrel,insects,0
squirrel,forager,1
squirrel,grazer,0
squirrel,hunter,0
squirrel,scavenger,0
squirrel,skimmer,0
squirrel,stalker,0
squirrel,newworld,1
squirrel,oldworld,1
squirrel,arctic,0
squirrel,coastal,0
squirrel,desert,0
squirrel,bush,0
squirrel,plains,0
squirrel,forest,1
squirrel,fields,0
squirrel,jungle,0
squirrel,mountains,0
squirrel,ocean,0
squirrel,ground,1
squirrel,water,0
squirrel,tree,1
squirrel,cave,0
squirrel,fierce,0
squirrel,timid,1
squirrel,smart,0
squirrel,group,0
squirrel,solitary,1
squirrel,nestspot,1
squirrel,domestic,0
rhinoceros,black,0
rhinoceros,white,0
rhinoceros,blue,0
rhinoceros,brown,0
rhinoceros,gray,1
rhinoceros,orange,0
rhinoceros,red,0
rhinoceros,yellow,0
rhinoceros,patches,0
rhinoceros,spots,0
rhinoceros,stripes,0
rhinoceros,furry,0
rhinoceros,hairless,1
rhinoceros,toughskin,1
rhinoceros,big,1
rhinoceros,small,0
rhinoceros,bulbous,1
rhinoceros,lean,0
rhinoceros,flippers,0
rhinoceros,hands,0
rhinoceros,hooves,1
rhinoceros,pads,0
rhinoceros,paws,0
rhinoceros,longleg,0
rhinoceros,longneck,0
rhinoceros,tail,0
rhinoceros,chewteeth,0
rhinoceros,meatteeth,0
rhinoceros,buckteeth,0
rhinoceros,strainteeth,0
rhinoceros,horns,1
rhinoceros,claws,0
rhinoceros,tusks,1
rhinoceros,smelly,1
rhinoceros,flys,0
rhinoceros,hops,0
rhinoceros,swims,0
rhinoceros,tunnels,0
rhinoceros,walks,1
rhinoceros,fast,0
rhinoceros,slow,1
rhinoceros,strong,1
rhinoceros,weak,0
rhinoceros,muscle,0
rhinoceros,bipedal,0
rhinoceros,quadrapedal,1
rhinoceros,active,0
rhinoceros,inactive,1
rhinoceros,nocturnal,0
rhinoceros,hibernate,0
rhinoceros,agility,0
rhinoceros,fish,0
rhinoceros,meat,0
rhinoceros,plankton,0
rhinoceros,vegetation,1
rhinoceros,insects,0
rhinoceros,forager,0
rhinoceros,grazer,1
rhinoceros,hunter,0
rhinoceros,scavenger,0
rhinoceros,skimmer,0
rhinoceros,stalker,0
rhinoceros,newworld,0
rhinoceros,oldworld,1
rhinoceros,arctic,0
rhinoceros,coastal,0
rhinoceros,desert,0
rhinoceros,bush,1
rhinoceros,plains,0
rhinoceros,forest,0
rhinoceros,fields,0
rhinoceros,jungle,1
rhinoceros,mountains,0
rhinoceros,ocean,0
rhinoceros,ground,1
rhinoceros,water,0
rhinoceros,tree,0
rhinoceros,cave,0
rhinoceros,fierce,1
rhinoceros,timid,0
rhinoceros,smart,0
rhinoceros,group,1
rhinoceros,solitary,1
rhinoceros,nestspot,0
rhinoceros,domestic,0
rabbit,black,1
rabbit,white,1
rabbit,blue,0
rabbit,brown,1
rabbit,gray,1
rabbit,orange,0
rabbit,red,0
rabbit,yellow,0
rabbit,patches,1
rabbit,spots,0
rabbit,stripes,0
rabbit,furry,1
rabbit,hairless,0
rabbit,toughskin,0
rabbit,big,0
rabbit,small,1
rabbit,bulbous,1
rabbit,lean,0
rabbit,flippers,0
rabbit,hands,0
rabbit,hooves,0
rabbit,pads,0
rabbit,paws,1
rabbit,longleg,0
rabbit,longneck,0
rabbit,tail,1
rabbit,chewteeth,1
rabbit,meatteeth,0
rabbit,buckteeth,1
rabbit,strainteeth,0
rabbit,horns,0
rabbit,claws,0
rabbit,tusks,0
rabbit,smelly,0
rabbit,flys,0
rabbit,hops,1
rabbit,swims,0
rabbit,tunnels,0
rabbit,walks,0
rabbit,fast,1
rabbit,slow,0
rabbit,strong,0
rabbit,weak,1
rabbit,muscle,0
rabbit,bipedal,0
rabbit,quadrapedal,1
rabbit,active,1
rabbit,inactive,1
rabbit,nocturnal,0
rabbit,hibernate,0
rabbit,agility,1
rabbit,fish,0
rabbit,meat,0
rabbit,plankton,0
rabbit,vegetation,1
rabbit,insects,0
rabbit,forager,1
rabbit,grazer,1
rabbit,hunter,0
rabbit,scavenger,0
rabbit,skimmer,0
rabbit,stalker,0
rabbit,newworld,1
rabbit,oldworld,1
rabbit,arctic,0
rabbit,coastal,0
rabbit,desert,0
rabbit,bush,1
rabbit,plains,1
rabbit,forest,1
rabbit,fields,1
rabbit,jungle,0
rabbit,mountains,0
rabbit,ocean,0
rabbit,ground,1
rabbit,water,0
rabbit,tree,0
rabbit,cave,0
rabbit,fierce,0
rabbit,timid,1
rabbit,smart,0
rabbit,group,1
rabbit,solitary,0
rabbit,nestspot,1
rabbit,domestic,1
bat,black,1
bat,white,0
bat,blue,0
bat,brown,1
bat,gray,1
bat,orange,0
bat,red,0
bat,yellow,0
bat,patches,0
bat,spots,0
bat,stripes,0
bat,furry,1
bat,hairless,1
bat,toughskin,1
bat,big,0
bat,small,1
bat,bulbous,0
bat,lean,1
bat,flippers,0
bat,hands,0
bat,hooves,0
bat,pads,0
bat,paws,0
bat,longleg,0
bat,longneck,0
bat,tail,0
bat,chewteeth,1
bat,meatteeth,1
bat,buckteeth,0
bat,strainteeth,0
bat,horns,0
bat,claws,1
bat,tusks,0
bat,smelly,1
bat,flys,1
bat,hops,0
bat,swims,0
bat,tunnels,0
bat,walks,0
bat,fast,1
bat,slow,0
bat,strong,0
bat,weak,1
bat,muscle,1
bat,bipedal,1
bat,quadrapedal,0
bat,active,1
bat,inactive,1
bat,nocturnal,1
bat,hibernate,1
bat,agility,1
bat,fish,0
bat,meat,1
bat,plankton,0
bat,vegetation,1
bat,insects,1
bat,forager,1
bat,grazer,0
bat,hunter,1
bat,scavenger,1
bat,skimmer,0
bat,stalker,0
bat,newworld,1
bat,oldworld,1
bat,arctic,0
bat,coastal,0
bat,desert,0
bat,bush,0
bat,plains,0
bat,forest,1
bat,fields,0
bat,jungle,1
bat,mountains,1
bat,ocean,0
bat,ground,0
bat,water,0
bat,tree,1
bat,cave,1
bat,fierce,1
bat,timid,0
bat,smart,1
bat,group,1
bat,solitary,0
bat,nestspot,1
bat,domestic,0
giraffe,black,0
giraffe,white,0
giraffe,blue,0
giraffe,brown,1
giraffe,gray,0
giraffe,orange,1
giraffe,red,0
giraffe,yellow,1
giraffe,patches,1
giraffe,spots,1
giraffe,stripes,0
giraffe,furry,0
giraffe,hairless,0
giraffe,toughskin,0
giraffe,big,1
giraffe,small,0
giraffe,bulbous,0
giraffe,lean,1
giraffe,flippers,0
giraffe,hands,0
giraffe,hooves,1
giraffe,pads,0
giraffe,paws,0
giraffe,longleg,1
giraffe,longneck,1
giraffe,tail,1
giraffe,chewteeth,1
giraffe,meatteeth,0
giraffe,buckteeth,0
giraffe,strainteeth,0
giraffe,horns,1
giraffe,claws,0
giraffe,tusks,0
giraffe,smelly,1
giraffe,flys,0
giraffe,hops,0
giraffe,swims,0
giraffe,tunnels,0
giraffe,walks,1
giraffe,fast,1
giraffe,slow,1
giraffe,strong,1
giraffe,weak,0
giraffe,muscle,1
giraffe,bipedal,0
giraffe,quadrapedal,1
giraffe,active,1
giraffe,inactive,1
giraffe,nocturnal,0
giraffe,hibernate,0
giraffe,agility,0
giraffe,fish,0
giraffe,meat,0
giraffe,plankton,0
giraffe,vegetation,1
giraffe,insects,0
giraffe,forager,0
giraffe,grazer,1
giraffe,hunter,0
giraffe,scavenger,0
giraffe,skimmer,0
giraffe,stalker,0
giraffe,newworld,0
giraffe,oldworld,1
giraffe,arctic,0
giraffe,coastal,0
giraffe,desert,0
giraffe,bush,1
giraffe,plains,1
giraffe,forest,0
giraffe,fields,1
giraffe,jungle,0
giraffe,mountains,0
giraffe,ocean,0
giraffe,ground,1
giraffe,water,0
giraffe,tree,0
giraffe,cave,0
giraffe,fierce,0
giraffe,timid,1
giraffe,smart,0
giraffe,group,1
giraffe,solitary,0
giraffe,nestspot,0
giraffe,domestic,0
wolf,black,1
wolf,white,1
wolf,blue,0
wolf,brown,1
wolf,gray,1
wolf,orange,0
wolf,red,0
wolf,yellow,0
wolf,patches,0
wolf,spots,0
wolf,stripes,0
wolf,furry,1
wolf,hairless,0
wolf,toughskin,0
wolf,big,1
wolf,small,0
wolf,bulbous,0
wolf,lean,1
wolf,flippers,0
wolf,hands,0
wolf,hooves,0
wolf,pads,1
wolf,paws,1
wolf,longleg,0
wolf,longneck,0
wolf,tail,1
wolf,chewteeth,1
wolf,meatteeth,1
wolf,buckteeth,0
wolf,strainteeth,0
wolf,horns,0
wolf,claws,1
wolf,tusks,0
wolf,smelly,0
wolf,flys,0
wolf,hops,0
wolf,swims,0
wolf,tunnels,0
wolf,walks,1
wolf,fast,1
wolf,slow,0
wolf,strong,1
wolf,weak,0
wolf,muscle,1
wolf,bipedal,0
wolf,quadrapedal,1
wolf,active,1
wolf,inactive,0
wolf,nocturnal,1
wolf,hibernate,0
wolf,agility,1
wolf,fish,0
wolf,meat,1
wolf,plankton,0
wolf,vegetation,0
wolf,insects,0
wolf,forager,1
wolf,grazer,0
wolf,hunter,1
wolf,scavenger,1
wolf,skimmer,0
wolf,stalker,1
wolf,newworld,1
wolf,oldworld,1
wolf,arctic,1
wolf,coastal,0
wolf,desert,0
wolf,bush,0
wolf,plains,1
wolf,forest,1
wolf,fields,0
wolf,jungle,0
wolf,mountains,1
wolf,ocean,0
wolf,ground,1
wolf,water,0
wolf,tree,0
wolf,cave,1
wolf,fierce,1
wolf,timid,0
wolf,smart,1
wolf,group,1
wolf,solitary,1
wolf,nestspot,0
wolf,domestic,0
chihuahua,black,1
chihuahua,white,0
chihuahua,blue,0
chihuahua,brown,1
chihuahua,gray,1
chihuahua,orange,0
chihuahua,red,0
chihuahua,yellow,0
chihuahua,patches,0
chihuahua,spots,0
chihuahua,stripes,0
chihuahua,furry,1
chihuahua,hairless,0
chihuahua,toughskin,0
chihuahua,big,0
chihuahua,small,1
chihuahua,bulbous,0
chihuahua,lean,1
chihuahua,flippers,0
chihuahua,hands,0
chihuahua,hooves,0
chihuahua,pads,1
chihuahua,paws,1
chihuahua,longleg,0
chihuahua,longneck,0
chihuahua,tail,1
chihuahua,chewteeth,0
chihuahua,meatteeth,1
chihuahua,buckteeth,0
chihuahua,strainteeth,0
chihuahua,horns,0
chihuahua,claws,1
chihuahua,tusks,0
chihuahua,smelly,1
chihuahua,flys,0
chihuahua,hops,0
chihuahua,swims,0
chihuahua,tunnels,0
chihuahua,walks,1
chihuahua,fast,1
chihuahua,slow,0
chihuahua,strong,0
chihuahua,weak,1
chihuahua,muscle,0
chihuahua,bipedal,0
chihuahua,quadrapedal,1
chihuahua,active,1
chihuahua,inactive,0
chihuahua,nocturnal,0
chihuahua,hibernate,0
chihuahua,agility,0
chihuahua,fish,0
chihuahua,meat,1
chihuahua,plankton,0
chihuahua,vegetation,0
chihuahua,insects,0
chihuahua,forager,0
chihuahua,grazer,0
chihuahua,hunter,0
chihuahua,scavenger,0
chihuahua,skimmer,0
chihuahua,stalker,0
chihuahua,newworld,1
chihuahua,oldworld,1
chihuahua,arctic,0
chihuahua,coastal,0
chihuahua,desert,0
chihuahua,bush,0
chihuahua,plains,0
chihuahua,forest,0
chihuahua,fields,0
chihuahua,jungle,0
chihuahua,mountains,0
chihuahua,ocean,0
chihuahua,ground,1
chihuahua,water,0
chihuahua,tree,0
chihuahua,cave,0
chihuahua,fierce,1
chihuahua,timid,1
chihuahua,smart,1
chihuahua,group,0
chihuahua,solitary,1
chihuahua,nestspot,0
chihuahua,domestic,1
rat,black,1
rat,white,1
rat,blue,0
rat,brown,1
rat,gray,1
rat,orange,0
rat,red,0
rat,yellow,0
rat,patches,0
rat,spots,0
rat,stripes,0
rat,furry,1
rat,hairless,0
rat,toughskin,0
rat,big,0
rat,small,1
rat,bulbous,1
rat,lean,1
rat,flippers,0
rat,hands,0
rat,hooves,0
rat,pads,0
rat,paws,1
rat,longleg,0
rat,longneck,0
rat,tail,1
rat,chewteeth,0
rat,meatteeth,1
rat,buckteeth,1
rat,strainteeth,0
rat,horns,0
rat,claws,1
rat,tusks,0
rat,smelly,1
rat,flys,0
rat,hops,0
rat,swims,0
rat,tunnels,1
rat,walks,1
rat,fast,1
rat,slow,0
rat,strong,0
rat,weak,0
rat,muscle,0
rat,bipedal,0
rat,quadrapedal,1
rat,active,1
rat,inactive,0
rat,nocturnal,1
rat,hibernate,1
rat,agility,1
rat,fish,0
rat,meat,1
rat,plankton,0
rat,vegetation,0
rat,insects,1
rat,forager,1
rat,grazer,0
rat,hunter,1
rat,scavenger,1
rat,skimmer,0
rat,stalker,0
rat,newworld,1
rat,oldworld,1
rat,arctic,0
rat,coastal,0
rat,desert,0
rat,bush,0
rat,plains,1
rat,forest,1
rat,fields,1
rat,jungle,0
rat,mountains,0
rat,ocean,0
rat,ground,1
rat,water,0
rat,tree,0
rat,cave,0
rat,fierce,1
rat,timid,0
rat,smart,1
rat,group,0
rat,solitary,1
rat,nestspot,1
rat,domestic,0
weasel,black,1
weasel,white,0
weasel,blue,0
weasel,brown,1
weasel,gray,1
weasel,orange,0
weasel,red,0
weasel,yellow,0
weasel,patches,0
weasel,spots,0
weasel,stripes,0
weasel,furry,1
weasel,hairless,0
weasel,toughskin,0
weasel,big,0
weasel,small,1
weasel,bulbous,0
weasel,lean,1
weasel,flippers,0
weasel,hands,0
weasel,hooves,0
weasel,pads,0
weasel,paws,1
weasel,longleg,0
weasel,longneck,0
weasel,tail,1
weasel,chewteeth,1
weasel,meatteeth,1
weasel,buckteeth,0
weasel,strainteeth,0
weasel,horns,0
weasel,claws,1
weasel,tusks,0
weasel,smelly,1
weasel,flys,0
weasel,hops,0
weasel,swims,0
weasel,tunnels,1
weasel,walks,1
weasel,fast,1
weasel,slow,0
weasel,strong,0
weasel,weak,0
weasel,muscle,1
weasel,bipedal,0
weasel,quadrapedal,1
weasel,active,1
weasel,inactive,0
weasel,nocturnal,1
weasel,hibernate,0
weasel,agility,1
weasel,fish,0
weasel,meat,1
weasel,plankton,0
weasel,vegetation,0
weasel,insects,0
weasel,forager,1
weasel,grazer,0
weasel,hunter,1
weasel,scavenger,0
weasel,skimmer,0
weasel,stalker,0
weasel,newworld,1
weasel,oldworld,1
weasel,arctic,0
weasel,coastal,0
weasel,desert,0
weasel,bush,0
weasel,plains,0
weasel,forest,1
weasel,fields,1
weasel,jungle,0
weasel,mountains,0
weasel,ocean,0
weasel,ground,1
weasel,water,0
weasel,tree,0
weasel,cave,0
weasel,fierce,1
weasel,timid,0
weasel,smart,1
weasel,group,0
weasel,solitary,1
weasel,nestspot,0
weasel,domestic,0
otter,black,1
otter,white,0
otter,blue,0
otter,brown,1
otter,gray,0
otter,orange,0
otter,red,0
otter,yellow,0
otter,patches,0
otter,spots,0
otter,stripes,0
otter,furry,1
otter,hairless,0
otter,toughskin,0
otter,big,0
otter,small,1
otter,bulbous,1
otter,lean,1
otter,flippers,1
otter,hands,0
otter,hooves,0
otter,pads,0
otter,paws,1
otter,longleg,0
otter,longneck,0
otter,tail,1
otter,chewteeth,1
otter,meatteeth,1
otter,buckteeth,1
otter,strainteeth,0
otter,horns,0
otter,claws,1
otter,tusks,0
otter,smelly,0
otter,flys,0
otter,hops,0
otter,swims,1
otter,tunnels,0
otter,walks,0
otter,fast,1
otter,slow,0
otter,strong,0
otter,weak,0
otter,muscle,0
otter,bipedal,0
otter,quadrapedal,1
otter,active,1
otter,inactive,0
otter,nocturnal,0
otter,hibernate,0
otter,agility,1
otter,fish,1
otter,meat,0
otter,plankton,0
otter,vegetation,0
otter,insects,0
otter,forager,0
otter,grazer,0
otter,hunter,1
otter,scavenger,0
otter,skimmer,0
otter,stalker,0
otter,newworld,1
otter,oldworld,1
otter,arctic,1
otter,coastal,1
otter,desert,0
otter,bush,0
otter,plains,0
otter,forest,1
otter,fields,0
otter,jungle,0
otter,mountains,0
otter,ocean,1
otter,ground,0
otter,water,1
otter,tree,0
otter,cave,0
otter,fierce,0
otter,timid,1
otter,smart,1
otter,group,0
otter,solitary,1
otter,nestspot,1
otter,domestic,0
buffalo,black,1
buffalo,white,0
buffalo,blue,0
buffalo,brown,1
buffalo,gray,0
buffalo,orange,0
buffalo,red,0
buffalo,yellow,0
buffalo,patches,0
buffalo,spots,0
buffalo,stripes,0
buffalo,furry,1
buffalo,hairless,0
buffalo,toughskin,1
buffalo,big,1
buffalo,small,0
buffalo,bulbous,1
buffalo,lean,0
buffalo,flippers,0
buffalo,hands,0
buffalo,hooves,1
buffalo,pads,0
buffalo,paws,0
buffalo,longleg,0
buffalo,longneck,0
buffalo,tail,0
buffalo,chewteeth,1
buffalo,meatteeth,0
buffalo,buckteeth,0
buffalo,strainteeth,0
buffalo,horns,1
buffalo,claws,0
buffalo,tusks,0
buffalo,smelly,1
buffalo,flys,0
buffalo,hops,0
buffalo,swims,0
buffalo,tunnels,0
buffalo,walks,1
buffalo,fast,1
buffalo,slow,1
buffalo,strong,1
buffalo,weak,0
buffalo,muscle,1
buffalo,bipedal,0
buffalo,quadrapedal,1
buffalo,active,0
buffalo,inactive,1
buffalo,nocturnal,0
buffalo,hibernate,0
buffalo,agility,0
buffalo,fish,0
buffalo,meat,0
buffalo,plankton,0
buffalo,vegetation,1
buffalo,insects,0
buffalo,forager,1
buffalo,grazer,1
buffalo,hunter,0
buffalo,scavenger,0
buffalo,skimmer,0
buffalo,stalker,0
buffalo,newworld,1
buffalo,oldworld,0
buffalo,arctic,0
buffalo,coastal,0
buffalo,desert,0
buffalo,bush,0
buffalo,plains,1
buffalo,forest,0
buffalo,fields,0
buffalo,jungle,0
buffalo,mountains,0
buffalo,ocean,0
buffalo,ground,1
buffalo,water,0
buffalo,tree,0
buffalo,cave,0
buffalo,fierce,1
buffalo,timid,0
buffalo,smart,0
buffalo,group,1
buffalo,solitary,0
buffalo,nestspot,0
buffalo,domestic,0
zebra,black,1
zebra,white,1
zebra,blue,0
zebra,brown,0
zebra,gray,0
zebra,orange,0
zebra,red,0
zebra,yellow,0
zebra,patches,0
zebra,spots,0
zebra,stripes,1
zebra,furry,1
zebra,hairless,0
zebra,toughskin,1
zebra,big,1
zebra,small,0
zebra,bulbous,0
zebra,lean,1
zebra,flippers,0
zebra,hands,0
zebra,hooves,1
zebra,pads,0
zebra,paws,0
zebra,longleg,1
zebra,longneck,1
zebra,tail,1
zebra,chewteeth,1
zebra,meatteeth,0
zebra,buckteeth,0
zebra,strainteeth,0
zebra,horns,0
zebra,claws,0
zebra,tusks,0
zebra,smelly,0
zebra,flys,0
zebra,hops,0
zebra,swims,0
zebra,tunnels,0
zebra,walks,1
zebra,fast,1
zebra,slow,0
zebra,strong,1
zebra,weak,0
zebra,muscle,1
zebra,bipedal,0
zebra,quadrapedal,1
zebra,active,1
zebra,inactive,0
zebra,nocturnal,0
zebra,hibernate,0
zebra,agility,1
zebra,fish,0
zebra,meat,0
zebra,plankton,0
zebra,vegetation,1
zebra,insects,0
zebra,forager,1
zebra,grazer,1
zebra,hunter,0
zebra,scavenger,0
zebra,skimmer,0
zebra,stalker,0
zebra,newworld,0
zebra,oldworld,1
zebra,arctic,0
zebra,coastal,0
zebra,desert,0
zebra,bush,1
zebra,plains,1
zebra,forest,0
zebra,fields,1
zebra,jungle,0
zebra,mountains,0
zebra,ocean,0
zebra,ground,1
zebra,water,0
zebra,tree,0
zebra,cave,0
zebra,fierce,0
zebra,timid,1
zebra,smart,1
zebra,group,1
zebra,solitary,0
zebra,nestspot,0
zebra,domestic,0
giant+panda,black,1
giant+panda,white,1
giant+panda,blue,0
giant+panda,brown,0
giant+panda,gray,0
giant+panda,orange,0
giant+panda,red,0
giant+panda,yellow,0
giant+panda,patches,1
giant+panda,spots,1
giant+panda,stripes,0
giant+panda,furry,1
giant+panda,hairless,0
giant+panda,toughskin,0
giant+panda,big,1
giant+panda,small,0
giant+panda,bulbous,1
giant+panda,lean,0
giant+panda,flippers,0
giant+panda,hands,0
giant+panda,hooves,0
giant+panda,pads,1
giant+panda,paws,1
giant+panda,longleg,0
giant+panda,longneck,0
giant+panda,tail,0
giant+panda,chewteeth,1
giant+panda,meatteeth,0
giant+panda,buckteeth,1
giant+panda,strainteeth,0
giant+panda,horns,0
giant+panda,claws,1
giant+panda,tusks,0
giant+panda,smelly,0
giant+panda,flys,0
giant+panda,hops,0
giant+panda,swims,0
giant+panda,tunnels,0
giant+panda,walks,1
giant+panda,fast,0
giant+panda,slow,1
giant+panda,strong,1
giant+panda,weak,0
giant+panda,muscle,0
giant+panda,bipedal,1
giant+panda,quadrapedal,1
giant+panda,active,0
giant+panda,inactive,1
giant+panda,nocturnal,0
giant+panda,hibernate,0
giant+panda,agility,0
giant+panda,fish,1
giant+panda,meat,0
giant+panda,plankton,0
giant+panda,vegetation,1
giant+panda,insects,0
giant+panda,forager,1
giant+panda,grazer,1
giant+panda,hunter,0
giant+panda,scavenger,0
giant+panda,skimmer,0
giant+panda,stalker,0
giant+panda,newworld,1
giant+panda,oldworld,1
giant+panda,arctic,0
giant+panda,coastal,0
giant+panda,desert,0
giant+panda,bush,1
giant+panda,plains,0
giant+panda,forest,1
giant+panda,fields,0
giant+panda,jungle,1
giant+panda,mountains,0
giant+panda,ocean,0
giant+panda,ground,1
giant+panda,water,0
giant+panda,tree,1
giant+panda,cave,0
giant+panda,fierce,0
giant+panda,timid,1
giant+panda,smart,1
giant+panda,group,1
giant+panda,solitary,1
giant+panda,nestspot,1
giant+panda,domestic,1
deer,black,0
deer,white,0
deer,blue,0
deer,brown,1
deer,gray,0
deer,orange,0
deer,red,0
deer,yellow,0
deer,patches,1
deer,spots,1
deer,stripes,0
deer,furry,1
deer,hairless,0
deer,toughskin,0
deer,big,1
deer,small,0
deer,bulbous,0
deer,lean,1
deer,flippers,0
deer,hands,0
deer,hooves,1
deer,pads,0
deer,paws,0
deer,longleg,1
deer,longneck,1
deer,tail,1
deer,chewteeth,1
deer,meatteeth,0
deer,buckteeth,0
deer,strainteeth,0
deer,horns,1
deer,claws,0
deer,tusks,0
deer,smelly,0
deer,flys,0
deer,hops,0
deer,swims,0
deer,tunnels,0
deer,walks,1
deer,fast,1
deer,slow,0
deer,strong,1
deer,weak,0
deer,muscle,1
deer,bipedal,0
deer,quadrapedal,1
deer,active,1
deer,inactive,0
deer,nocturnal,0
deer,hibernate,0
deer,agility,1
deer,fish,0
deer,meat,0
deer,plankton,0
deer,vegetation,1
deer,insects,0
deer,forager,1
deer,grazer,1
deer,hunter,0
deer,scavenger,0
deer,skimmer,0
deer,stalker,0
deer,newworld,1
deer,oldworld,1
deer,arctic,0
deer,coastal,0
deer,desert,0
deer,bush,0
deer,plains,1
deer,forest,1
deer,fields,1
deer,jungle,0
deer,mountains,1
deer,ocean,0
deer,ground,1
deer,water,0
deer,tree,0
deer,cave,0
deer,fierce,0
deer,timid,1
deer,smart,1
deer,group,1
deer,solitary,0
deer,nestspot,1
deer,domestic,0
bobcat,black,0
bobcat,white,0
bobcat,blue,0
bobcat,brown,1
bobcat,gray,0
bobcat,orange,1
bobcat,red,0
bobcat,yellow,1
bobcat,patches,0
bobcat,spots,1
bobcat,stripes,0
bobcat,furry,1
bobcat,hairless,0
bobcat,toughskin,0
bobcat,big,0
bobcat,small,1
bobcat,bulbous,0
bobcat,lean,1
bobcat,flippers,0
bobcat,hands,0
bobcat,hooves,0
bobcat,pads,1
bobcat,paws,1
bobcat,longleg,0
bobcat,longneck,0
bobcat,tail,1
bobcat,chewteeth,0
bobcat,meatteeth,1
bobcat,buckteeth,0
bobcat,strainteeth,0
bobcat,horns,0
bobcat,claws,1
bobcat,tusks,0
bobcat,smelly,0
bobcat,flys,0
bobcat,hops,0
bobcat,swims,0
bobcat,tunnels,0
bobcat,walks,1
bobcat,fast,1
bobcat,slow,0
bobcat,strong,1
bobcat,weak,0
bobcat,muscle,1
bobcat,bipedal,0
bobcat,quadrapedal,1
bobcat,active,1
bobcat,inactive,0
bobcat,nocturnal,0
bobcat,hibernate,1
bobcat,agility,1
bobcat,fish,0
bobcat,meat,1
bobcat,plankton,0
bobcat,vegetation,0
bobcat,insects,0
bobcat,forager,1
bobcat,grazer,0
bobcat,hunter,1
bobcat,scavenger,0
bobcat,skimmer,0
bobcat,stalker,1
bobcat,newworld,1
bobcat,oldworld,1
bobcat,arctic,0
bobcat,coastal,0
bobcat,desert,0
bobcat,bush,0
bobcat,plains,1
bobcat,forest,1
bobcat,fields,0
bobcat,jungle,0
bobcat,mountains,1
bobcat,ocean,0
bobcat,ground,1
bobcat,water,0
bobcat,tree,1
bobcat,cave,1
bobcat,fierce,1
bobcat,timid,0
bobcat,smart,1
bobcat,group,0
bobcat,solitary,1
bobcat,nestspot,0
bobcat,domestic,0
pig,black,1
pig,white,1
pig,blue,0
pig,brown,1
pig,gray,1
pig,orange,0
pig,red,0
pig,yellow,0
pig,patches,1
pig,spots,1
pig,stripes,0
pig,furry,0
pig,hairless,1
pig,toughskin,1
pig,big,1
pig,small,0
pig,bulbous,1
pig,lean,0
pig,flippers,0
pig,hands,0
pig,hooves,1
pig,pads,0
pig,paws,0
pig,longleg,0
pig,longneck,0
pig,tail,1
pig,chewteeth,1
pig,meatteeth,0
pig,buckteeth,0
pig,strainteeth,0
pig,horns,0
pig,claws,0
pig,tusks,0
pig,smelly,1
pig,flys,0
pig,hops,0
pig,swims,0
pig,tunnels,0
pig,walks,1
pig,fast,0
pig,slow,1
pig,strong,1
pig,weak,0
pig,muscle,0
pig,bipedal,0
pig,quadrapedal,1
pig,active,0
pig,inactive,1
pig,nocturnal,0
pig,hibernate,0
pig,agility,0
pig,fish,0
pig,meat,0
pig,plankton,0
pig,vegetation,1
pig,insects,0
pig,forager,1
pig,grazer,0
pig,hunter,0
pig,scavenger,0
pig,skimmer,0
pig,stalker,0
pig,newworld,1
pig,oldworld,1
pig,arctic,0
pig,coastal,0
pig,desert,0
pig,bush,0
pig,plains,0
pig,forest,0
pig,fields,1
pig,jungle,0
pig,mountains,0
pig,ocean,0
pig,ground,1
pig,water,0
pig,tree,0
pig,cave,0
pig,fierce,1
pig,timid,1
pig,smart,1
pig,group,1
pig,solitary,0
pig,nestspot,0
pig,domestic,1
lion,black,0
lion,white,0
lion,blue,0
lion,brown,1
lion,gray,0
lion,orange,0
lion,red,0
lion,yellow,1
lion,patches,0
lion,spots,0
lion,stripes,0
lion,furry,1
lion,hairless,0
lion,toughskin,0
lion,big,1
lion,small,0
lion,bulbous,1
lion,lean,1
lion,flippers,0
lion,hands,0
lion,hooves,0
lion,pads,1
lion,paws,1
lion,longleg,0
lion,longneck,0
lion,tail,1
lion,chewteeth,0
lion,meatteeth,1
lion,buckteeth,0
lion,strainteeth,0
lion,horns,0
lion,claws,1
lion,tusks,0
lion,smelly,1
lion,flys,0
lion,hops,0
lion,swims,0
lion,tunnels,0
lion,walks,1
lion,fast,1
lion,slow,0
lion,strong,1
lion,weak,0
lion,muscle,1
lion,bipedal,0
lion,quadrapedal,1
lion,active,1
lion,inactive,1
lion,nocturnal,0
lion,hibernate,0
lion,agility,1
lion,fish,0
lion,meat,1
lion,plankton,0
lion,vegetation,0
lion,insects,0
lion,forager,1
lion,grazer,0
lion,hunter,1
lion,scavenger,0
lion,skimmer,0
lion,stalker,1
lion,newworld,0
lion,oldworld,1
lion,arctic,0
lion,coastal,0
lion,desert,1
lion,bush,1
lion,plains,0
lion,forest,1
lion,fields,0
lion,jungle,1
lion,mountains,1
lion,ocean,0
lion,ground,1
lion,water,0
lion,tree,0
lion,cave,0
lion,fierce,1
lion,timid,0
lion,smart,1
lion,group,1
lion,solitary,0
lion,nestspot,1
lion,domestic,0
mouse,black,0
mouse,white,1
mouse,blue,0
mouse,brown,1
mouse,gray,1
mouse,orange,0
mouse,red,0
mouse,yellow,0
mouse,patches,0
mouse,spots,0
mouse,stripes,0
mouse,furry,1
mouse,hairless,0
mouse,toughskin,0
mouse,big,0
mouse,small,1
mouse,bulbous,0
mouse,lean,0
mouse,flippers,0
mouse,hands,0
mouse,hooves,0
mouse,pads,0
mouse,paws,1
mouse,longleg,0
mouse,longneck,0
mouse,tail,1
mouse,chewteeth,1
mouse,meatteeth,0
mouse,buckteeth,1
mouse,strainteeth,0
mouse,horns,0
mouse,claws,0
mouse,tusks,0
mouse,smelly,1
mouse,flys,0
mouse,hops,0
mouse,swims,0
mouse,tunnels,1
mouse,walks,1
mouse,fast,1
mouse,slow,0
mouse,strong,0
mouse,weak,1
mouse,muscle,0
mouse,bipedal,0
mouse,quadrapedal,1
mouse,active,1
mouse,inactive,0
mouse,nocturnal,1
mouse,hibernate,1
mouse,agility,1
mouse,fish,0
mouse,meat,0
mouse,plankton,0
mouse,vegetation,1
mouse,insects,0
mouse,forager,0
mouse,grazer,1
mouse,hunter,0
mouse,scavenger,1
mouse,skimmer,0
mouse,stalker,0
mouse,newworld,1
mouse,oldworld,1
mouse,arctic,0
mouse,coastal,0
mouse,desert,0
mouse,bush,0
mouse,plains,1
mouse,forest,1
mouse,fields,1
mouse,jungle,0
mouse,mountains,0
mouse,ocean,0
mouse,ground,1
mouse,water,0
mouse,tree,0
mouse,cave,0
mouse,fierce,0
mouse,timid,1
mouse,smart,0
mouse,group,1
mouse,solitary,0
mouse,nestspot,1
mouse,domestic,1
polar+bear,black,0
polar+bear,white,1
polar+bear,blue,0
polar+bear,brown,0
polar+bear,gray,0
polar+bear,orange,0
polar+bear,red,0
polar+bear,yellow,0
polar+bear,patches,0
polar+bear,spots,0
polar+bear,stripes,0
polar+bear,furry,1
polar+bear,hairless,0
polar+bear,toughskin,1
polar+bear,big,1
polar+bear,small,0
polar+bear,bulbous,1
polar+bear,lean,0
polar+bear,flippers,0
polar+bear,hands,0
polar+bear,hooves,0
polar+bear,pads,1
polar+bear,paws,1
polar+bear,longleg,0
polar+bear,longneck,0
polar+bear,tail,0
polar+bear,chewteeth,1
polar+bear,meatteeth,1
polar+bear,buckteeth,0
polar+bear,strainteeth,0
polar+bear,horns,0
polar+bear,claws,1
polar+bear,tusks,0
polar+bear,smelly,1
polar+bear,flys,0
polar+bear,hops,0
polar+bear,swims,1
polar+bear,tunnels,0
polar+bear,walks,1
polar+bear,fast,1
polar+bear,slow,1
polar+bear,strong,1
polar+bear,weak,0
polar+bear,muscle,0
polar+bear,bipedal,1
polar+bear,quadrapedal,1
polar+bear,active,1
polar+bear,inactive,1
polar+bear,nocturnal,0
polar+bear,hibernate,1
polar+bear,agility,1
polar+bear,fish,1
polar+bear,meat,1
polar+bear,plankton,0
polar+bear,vegetation,0
polar+bear,insects,0
polar+bear,forager,1
polar+bear,grazer,0
polar+bear,hunter,1
polar+bear,scavenger,1
polar+bear,skimmer,0
polar+bear,stalker,1
polar+bear,newworld,1
polar+bear,oldworld,1
polar+bear,arctic,1
polar+bear,coastal,1
polar+bear,desert,0
polar+bear,bush,0
polar+bear,plains,0
polar+bear,forest,0
polar+bear,fields,0
polar+bear,jungle,0
polar+bear,mountains,0
polar+bear,ocean,1
polar+bear,ground,1
polar+bear,water,1
polar+bear,tree,0
polar+bear,cave,0
polar+bear,fierce,1
polar+bear,timid,0
polar+bear,smart,0
polar+bear,group,0
polar+bear,solitary,1
polar+bear,nestspot,0
polar+bear,domestic,0
collie,black,0
collie,white,1
collie,blue,0
collie,brown,1
collie,gray,0
collie,orange,0
collie,red,0
collie,yellow,0
collie,patches,1
collie,spots,0
collie,stripes,0
collie,furry,1
collie,hairless,0
collie,toughskin,0
collie,big,1
collie,small,1
collie,bulbous,0
collie,lean,1
collie,flippers,0
collie,hands,0
collie,hooves,0
collie,pads,0
collie,paws,1
collie,longleg,0
collie,longneck,0
collie,tail,1
collie,chewteeth,1
collie,meatteeth,1
collie,buckteeth,0
collie,strainteeth,0
collie,horns,0
collie,claws,0
collie,tusks,0
collie,smelly,0
collie,flys,0
collie,hops,0
collie,swims,0
collie,tunnels,0
collie,walks,1
collie,fast,1
collie,slow,0
collie,strong,0
collie,weak,0
collie,muscle,0
collie,bipedal,0
collie,quadrapedal,1
collie,active,1
collie,inactive,0
collie,nocturnal,0
collie,hibernate,0
collie,agility,1
collie,fish,0
collie,meat,1
collie,plankton,0
collie,vegetation,0
collie,insects,0
collie,forager,0
collie,grazer,0
collie,hunter,1
collie,scavenger,0
collie,skimmer,0
collie,stalker,0
collie,newworld,1
collie,oldworld,1
collie,arctic,0
collie,coastal,0
collie,desert,0
collie,bush,0
collie,plains,0
collie,forest,0
collie,fields,0
collie,jungle,0
collie,mountains,0
collie,ocean,0
collie,ground,1
collie,water,0
collie,tree,0
collie,cave,0
collie,fierce,0
collie,timid,1
collie,smart,1
collie,group,0
collie,solitary,1
collie,nestspot,0
collie,domestic,1
walrus,black,0
walrus,white,0
walrus,blue,0
walrus,brown,1
walrus,gray,1
walrus,orange,0
walrus,red,0
walrus,yellow,0
walrus,patches,0
walrus,spots,0
walrus,stripes,0
walrus,furry,0
walrus,hairless,1
walrus,toughskin,1
walrus,big,1
walrus,small,0
walrus,bulbous,1
walrus,lean,0
walrus,flippers,1
walrus,hands,0
walrus,hooves,0
walrus,pads,0
walrus,paws,0
walrus,longleg,0
walrus,longneck,0
walrus,tail,0
walrus,chewteeth,1
walrus,meatteeth,1
walrus,buckteeth,1
walrus,strainteeth,1
walrus,horns,0
walrus,claws,0
walrus,tusks,1
walrus,smelly,1
walrus,flys,0
walrus,hops,0
walrus,swims,1
walrus,tunnels,0
walrus,walks,0
walrus,fast,1
walrus,slow,1
walrus,strong,1
walrus,weak,0
walrus,muscle,0
walrus,bipedal,0
walrus,quadrapedal,0
walrus,active,0
walrus,inactive,1
walrus,nocturnal,0
walrus,hibernate,0
walrus,agility,0
walrus,fish,1
walrus,meat,0
walrus,plankton,0
walrus,vegetation,0
walrus,insects,0
walrus,forager,0
walrus,grazer,0
walrus,hunter,0
walrus,scavenger,0
walrus,skimmer,0
walrus,stalker,0
walrus,newworld,1
walrus,oldworld,0
walrus,arctic,1
walrus,coastal,1
walrus,desert,0
walrus,bush,0
walrus,plains,0
walrus,forest,0
walrus,fields,0
walrus,jungle,0
walrus,mountains,0
walrus,ocean,1
walrus,ground,0
walrus,water,1
walrus,tree,0
walrus,cave,0
walrus,fierce,0
walrus,timid,1
walrus,smart,1
walrus,group,1
walrus,solitary,0
walrus,nestspot,1
walrus,domestic,0
raccoon,black,1
raccoon,white,1
raccoon,blue,0
raccoon,brown,0
raccoon,gray,1
raccoon,orange,0
raccoon,red,0
raccoon,yellow,0
raccoon,patches,1
raccoon,spots,1
raccoon,stripes,1
raccoon,furry,1
raccoon,hairless,0
raccoon,toughskin,0
raccoon,big,0
raccoon,small,1
raccoon,bulbous,0
raccoon,lean,0
raccoon,flippers,0
raccoon,hands,0
raccoon,hooves,0
raccoon,pads,1
raccoon,paws,1
raccoon,longleg,0
raccoon,longneck,0
raccoon,tail,1
raccoon,chewteeth,1
raccoon,meatteeth,1
raccoon,buckteeth,0
raccoon,strainteeth,0
raccoon,horns,0
raccoon,claws,1
raccoon,tusks,0
raccoon,smelly,0
raccoon,flys,0
raccoon,hops,0
raccoon,swims,0
raccoon,tunnels,0
raccoon,walks,1
raccoon,fast,1
raccoon,slow,0
raccoon,strong,0
raccoon,weak,0
raccoon,muscle,0
raccoon,bipedal,0
raccoon,quadrapedal,1
raccoon,active,1
raccoon,inactive,0
raccoon,nocturnal,1
raccoon,hibernate,1
raccoon,agility,1
raccoon,fish,1
raccoon,meat,1
raccoon,plankton,0
raccoon,vegetation,1
raccoon,insects,0
raccoon,forager,1
raccoon,grazer,0
raccoon,hunter,0
raccoon,scavenger,1
raccoon,skimmer,0
raccoon,stalker,0
raccoon,newworld,1
raccoon,oldworld,1
raccoon,arctic,0
raccoon,coastal,0
raccoon,desert,0
raccoon,bush,0
raccoon,plains,0
raccoon,forest,1
raccoon,fields,1
raccoon,jungle,0
raccoon,mountains,1
raccoon,ocean,0
raccoon,ground,1
raccoon,water,0
raccoon,tree,1
raccoon,cave,0
raccoon,fierce,1
raccoon,timid,0
raccoon,smart,1
raccoon,group,0
raccoon,solitary,1
raccoon,nestspot,1
raccoon,domestic,0
cow,black,1
cow,white,1
cow,blue,0
cow,brown,1
cow,gray,0
cow,orange,0
cow,red,0
cow,yellow,0
cow,patches,1
cow,spots,1
cow,stripes,0
cow,furry,1
cow,hairless,0
cow,toughskin,1
cow,big,1
cow,small,0
cow,bulbous,1
cow,lean,0
cow,flippers,0
cow,hands,0
cow,hooves,1
cow,pads,0
cow,paws,0
cow,longleg,0
cow,longneck,0
cow,tail,1
cow,chewteeth,1
cow,meatteeth,0
cow,buckteeth,0
cow,strainteeth,0
cow,horns,1
cow,claws,0
cow,tusks,0
cow,smelly,1
cow,flys,0
cow,hops,0
cow,swims,0
cow,tunnels,0
cow,walks,1
cow,fast,0
cow,slow,1
cow,strong,1
cow,weak,0
cow,muscle,0
cow,bipedal,0
cow,quadrapedal,1
cow,active,1
cow,inactive,1
cow,nocturnal,0
cow,hibernate,0
cow,agility,0
cow,fish,0
cow,meat,0
cow,plankton,0
cow,vegetation,1
cow,insects,0
cow,forager,0
cow,grazer,1
cow,hunter,0
cow,scavenger,0
cow,skimmer,0
cow,stalker,0
cow,newworld,1
cow,oldworld,1
cow,arctic,0
cow,coastal,0
cow,desert,0
cow,bush,0
cow,plains,1
cow,forest,0
cow,fields,1
cow,jungle,0
cow,mountains,0
cow,ocean,0
cow,ground,1
cow,water,0
cow,tree,0
cow,cave,0
cow,fierce,0
cow,timid,1
cow,smart,0
cow,group,1
cow,solitary,0
cow,nestspot,0
cow,domestic,1
dolphin,black,0
dolphin,white,1
dolphin,blue,1
dolphin,brown,0
dolphin,gray,1
dolphin,orange,0
dolphin,red,0
dolphin,yellow,0
dolphin,patches,0
dolphin,spots,0
dolphin,stripes,0
dolphin,furry,0
dolphin,hairless,1
dolphin,toughskin,1
dolphin,big,1
dolphin,small,0
dolphin,bulbous,0
dolphin,lean,1
dolphin,flippers,1
dolphin,hands,0
dolphin,hooves,0
dolphin,pads,0
dolphin,paws,0
dolphin,longleg,0
dolphin,longneck,0
dolphin,tail,1
dolphin,chewteeth,1
dolphin,meatteeth,0
dolphin,buckteeth,0
dolphin,strainteeth,0
dolphin,horns,0
dolphin,claws,0
dolphin,tusks,0
dolphin,smelly,0
dolphin,flys,0
dolphin,hops,0
dolphin,swims,1
dolphin,tunnels,0
dolphin,walks,0
dolphin,fast,1
dolphin,slow,0
dolphin,strong,1
dolphin,weak,0
dolphin,muscle,1
dolphin,bipedal,0
dolphin,quadrapedal,0
dolphin,active,1
dolphin,inactive,0
dolphin,nocturnal,0
dolphin,hibernate,0
dolphin,agility,1
dolphin,fish,1
dolphin,meat,0
dolphin,plankton,0
dolphin,vegetation,0
dolphin,insects,0
dolphin,forager,0
dolphin,grazer,0
dolphin,hunter,0
dolphin,scavenger,0
dolphin,skimmer,0
dolphin,stalker,0
dolphin,newworld,1
dolphin,oldworld,1
dolphin,arctic,0
dolphin,coastal,1
dolphin,desert,0
dolphin,bush,0
dolphin,plains,0
dolphin,forest,0
dolphin,fields,0
dolphin,jungle,0
dolphin,mountains,0
dolphin,ocean,1
dolphin,ground,0
dolphin,water,1
dolphin,tree,0
dolphin,cave,0
dolphin,fierce,0
dolphin,timid,1
dolphin,smart,1
dolphin,group,1
dolphin,solitary,0
dolphin,nestspot,0
dolphin,domestic,1
